address,tagname,description,SCADA_tagname,type,source
0.00,DRIER_FLAG_EAST_1ST,,['DRIER_FLAG_EAST_1ST'],BOOL,BOTH
0.01,IDH_ADDR_0_01,,[],BOOL,PLC
0.02,DRIER_FLAG_EAST_2ND,,['DRIER_FLAG_EAST_2ND'],BOOL,BOTH
0.03,IDH_ADDR_0_03,,[],BOOL,PLC
0.04,DRIER_FLAG_EAST_3RD,,['DRIER_FLAG_EAST_3RD'],BOOL,BOTH
0.05,IDH_ADDR_0_05,,[],BOOL,PLC
0.06,DRIER_FLAG_EAST_4TH,,['DRIER_FLAG_EAST_4TH'],BOOL,BOTH
0.07,IDH_ADDR_0_07,,[],BOOL,PLC
0.08,DRIER_FLAG_EAST_CIP,,['DRIER_FLAG_EAST_CIP'],BOOL,BOTH
0.09,IDH_ADDR_0_09,,[],BOOL,PLC
1.00,IDH_ADDR_1_00,,[],BOOL,PLC
1.01,IDH_ADDR_1_01,,[],BOOL,PLC
100,IDH_ADDR_100,,[],DINT,PLC
101,AV51_0010,"""CC1 Bypass Valve""","['T51-1_PID_OUTPUT_FORCE', 'T51-1_PID_OUTPUT']",REAL,BOTH
102,IDH_ADDR_102,,"['T51-2_PID_OUTPUT_FORCE', 'T51-2_PID_OUTPUT']",DINT,BOTH
103,OUTPUT_TO_REGEN_FAN,"""Output to regen fan (speed)""","['T51-5_PID_OUTPUT_FORCE', 'T51-5_PID_OUTPUT']",REAL,BOTH
104,IDH_ADDR_104,,"['T51-3_S_PID_OUTPUT_FORCE', 'T51-3_S_PID_OUTPUT']",DINT,BOTH
105,OUTPUT_TO_AV51_2_STEAM,"""Output to AV51-2 (steam)""","['T51-12_OUTPUT_RAW', 'T51-12_PID_OUTPUT_FORCE_TEST_R', 'T51-12_PID_OUTPUT_FORCE', 'T51-12_PID_OUTPUT']",REAL,BOTH
11.00,FINE_GRIND_ALARM,"""FINE GRINDER IS STOPPED ALARM""",['FINE_GRIND_ALARM'],BOOL,BOTH
11.01,DRIER_EAST_DOOR,"""East Drier Pin Breaker Stop""",['DRIER_EAST_DOOR'],BOOL,BOTH
11.02,IDH_ADDR_11_02,,[],BOOL,PLC
11.04,FEED_BACK_FROM_STERILIZER,"""feed back from Sterilizer PLC CIP step to chang...""",[],BOOL,PLC
11.05,IDH_ADDR_11_05,,[],BOOL,PLC
11.06,IDH_ADDR_11_06,,[],BOOL,PLC
110,IDH_ADDR_110,,[],DINT,PLC
111,FINE_GRINDER_FLOW,"""Fine Grinder Flow""",[],REAL,PLC
112,IDH_ADDR_112,,[],DINT,PLC
113,COMILL_FLOW,"""CoMill Flow""",[],REAL,PLC
120.01,EAST_FLOW11_LM,"""N-Dryer 1st or 2nd flow < Target""",['EAST_FLOW<11_L/M'],BOOL,BOTH
120.02,IDH_ADDR_120_02,,[],BOOL,PLC
120.03,EAST_FLOW10_LM,"""N-Dryer 3rd flow < Target""",['EAST_FLOW<10_L/M'],BOOL,BOTH
120.04,IDH_ADDR_120_04,,[],BOOL,PLC
120.05,EAST_FLOW8LM,"""N-Dryer 4th flow < Target""",['EAST_FLOW<8L/M'],BOOL,BOTH
120.06,IDH_ADDR_120_06,,[],BOOL,PLC
120.07,IDH_ADDR_120_07,,[],BOOL,PLC
120.08,IDH_ADDR_120_08,,[],BOOL,PLC
120.09,IDH_ADDR_120_09,,[],BOOL,PLC
120.10,CIP_IN_STEP_4,"""CIP in Step #4 (2nd rinse)""",[],BOOL,PLC
120.11,IDH_ADDR_120_11,,[],BOOL,PLC
120.12,IDH_ADDR_120_12,,[],BOOL,PLC
120.13,CHEMETATOR_CIP_LOW_FLOW_ALARM,"""CHEMETATOR CIP LOW FLOW ALARM""",['CHEMETATOR_CIP_LOW_FLOW_ALARM'],BOOL,BOTH
130,IDH_ADDR_130,,[],DINT,PLC
170,IDH_ADDR_170,,[],DINT,PLC
171,SPARE_INPUT_39_40_41,"""SPARE INPUT (39,40,41)""",[],REAL,PLC
172,IDH_ADDR_172,,[],DINT,PLC
172.15,IDH_ADDR_172_15,,[],BOOL,PLC
173,IDH_ADDR_173,,[],DINT,PLC
173.15,IDH_ADDR_173_15,,[],BOOL,PLC
174,IDH_ADDR_174,,[],DINT,PLC
175,IDH_ADDR_175,,[],DINT,PLC
176,IDH_ADDR_176,,[],DINT,PLC
177,IDH_ADDR_177,,[],DINT,PLC
178,IDH_ADDR_178,,[],DINT,PLC
180,T51_5,"""Stack Temp""",[],REAL,PLC
181,IDH_ADDR_181,,[],DINT,PLC
182,T52_48,"""Small Cooling Tower Outlet""",['T52-48_RAW'],REAL,BOTH
185,IDH_ADDR_185,,[],DINT,PLC
186,RH51_1,"""Outside R/H""",['RH51-1_RAW'],REAL,BOTH
187,T51_3,"""IDH Outlet Temp""",[],REAL,PLC
188,T51_5,"""Regen Fan Stack Temp""",['T51-5_RAW'],REAL,BOTH
190,IDH_ADDR_190,,[],DINT,PLC
191,T51_1,"""Air Temp After CC1""",[],REAL,PLC
192,T51_2,"""Temp Before Dessicant Wheel""",[],REAL,PLC
193,T51_4,"""Outside Air Temp""",['T51-4_SCADA_SCALED'],REAL,BOTH
194,T51_6,"""Temp After Dessicant Wheel""",[],REAL,PLC
195,T51_10,"""Chiller Outlet Temp""","['T51-10_ALARM', 'T51-10_SCADA_SCALED', 'T-51-10_RAW']",REAL,BOTH
197,T51_12_RAW,"""T51-12 RAW""","['T51-12_RAW', 'T51-12_RAW_SCADA_SCALING']",REAL,BOTH
232.03,IDH_ADDR_232_03,,[],BOOL,PLC
232.04,IDH_ADDR_232_04,,[],BOOL,PLC
232.05,IDH_ADDR_232_05,,[],BOOL,PLC
232.06,IDH_ADDR_232_06,,[],BOOL,PLC
232.07,IDH_ADDR_232_07,,[],BOOL,PLC
232.08,IDH_ADDR_232_08,,[],BOOL,PLC
253.13,IDH_ADDR_253_13,,[],BOOL,PLC
253.14,IDH_ADDR_253_14,,[],BOOL,PLC
253.15,IDH_ADDR_253_15,,[],BOOL,PLC
254.00,SYS_WATCH_DRIER_CLOSE,"""MONITOR 1 MIN TIMER 254.0""","['SYS_WATCH_DRIER_CLOSE', 'SYS_WATCH_DRIER_OPEN']",BOOL,BOTH
255.02,IDH_ADDR_255_02,,[],BOOL,PLC
255.03,IDH_ADDR_255_03,,[],BOOL,PLC
255.04,IDH_ADDR_255_04,,[],BOOL,PLC
255.05,IDH_ADDR_255_05,,[],BOOL,PLC
255.06,IDH_ADDR_255_06,,[],BOOL,PLC
255.07,IDH_ADDR_255_07,,[],BOOL,PLC
289.08,IDH_ADDR_289_08,,[],BOOL,PLC
300.00,IDH_ADDR_300_00,,[],BOOL,PLC
300.01,IDH_ADDR_300_01,,[],BOOL,PLC
300.02,IDH_ADDR_300_02,,[],BOOL,PLC
300.03,IDH_ADDR_300_03,,[],BOOL,PLC
300.04,IDH_ADDR_300_04,,[],BOOL,PLC
300.05,IDH_ADDR_300_05,,[],BOOL,PLC
300.06,IDH_ADDR_300_06,,[],BOOL,PLC
300.09,IDH_ADDR_300_09,,[],BOOL,PLC
300.10,IDH_ADDR_300_10,,[],BOOL,PLC
300.11,IDH_ADDR_300_11,,[],BOOL,PLC
39.00,LOW_SPEED_CONTACT,"""Low Speed Contact""",[],BOOL,PLC
39.01,IDH_ADDR_39_01,,[],BOOL,PLC
39.06,IDH_ADDR_39_06,,[],BOOL,PLC
39.07,IDH_ADDR_39_07,,[],BOOL,PLC
39.08,SWECO_VALVE_1,"""N/C TO FINE GRINDER""",['SWECO_VALVE_1'],BOOL,BOTH
39.09,SWECO_VALVE_2,"""N/O TO 7 MESH""",['SWECO_VALVE_2'],BOOL,BOTH
39.10,SWECO_VALVE_3,"""N/O TO 7 MESH""",['SWECO_VALVE_3'],BOOL,BOTH
39.11,SWECO_VALVE_4,"""N/C TO FINE GRINDER""",['SWECO_VALVE_4'],BOOL,BOTH
39.12,IDH_ADDR_39_12,,[],BOOL,PLC
39.13,IDH_ADDR_39_13,,[],BOOL,PLC
39.14,IDH_ADDR_39_14,,[],BOOL,PLC
39.15,IDH_ADDR_39_15,,[],BOOL,PLC
40.00,IDH_ADDR_40_00,,[],BOOL,PLC
42.01,CHILLER1_COMP1,"""chiller #1 comp #1""","['CHILLER1_COMP1', 'CHILLER#1_COMP#1']",BOOL,BOTH
42.02,CHILLER1_COMP2,"""chiller #1 comp #2""",['CHILLER#1_COMP#2'],BOOL,BOTH
42.03,CHILLER1_COMP3,"""chiller #1 comp #3""",['CHILLER#1_COMP#3'],BOOL,BOTH
42.04,CHILLER1_COMP4,"""chiller #1 comp #4""",['CHILLER#1_COMP#4'],BOOL,BOTH
42.05,CHILLER1_COMP5,"""chiller #1 comp #5""",['CHILLER#1_COMP#5'],BOOL,BOTH
42.06,CHILLER1_COMP6,"""chiller #1 comp #6""",['CHILLER#1_COMP#6'],BOOL,BOTH
44.01,IDH_ADDR_44_01,,[],BOOL,PLC
44.04,IDH_ADDR_44_04,,[],BOOL,PLC
44.05,IDH_ADDR_44_05,,[],BOOL,PLC
45.04,IDH_ADDR_45_04,,[],BOOL,PLC
45.05,IDH_ADDR_45_05,,[],BOOL,PLC
45.06,IDH_ADDR_45_06,,[],BOOL,PLC
45.07,IDH_ADDR_45_07,,[],BOOL,PLC
45.08,IDH_ADDR_45_08,,[],BOOL,PLC
50.00,OPEN_VALVE_SMALL_AMOUNT,"""Open Valve Small Amount""",[],BOOL,PLC
50.01,IDH_ADDR_50_01,,[],BOOL,PLC
50.02,IDH_ADDR_50_02,,[],BOOL,PLC
50.03,IDH_ADDR_50_03,,[],BOOL,PLC
50.06,IDH_ADDR_50_06,,[],BOOL,PLC
50.07,IDH_ADDR_50_07,,[],BOOL,PLC
500.00,IDH_ADDR_500_00,,[],BOOL,PLC
500.01,IDH_ADDR_500_01,,[],BOOL,PLC
500.02,IDH_ADDR_500_02,,[],BOOL,PLC
500.03,IDH_ADDR_500_03,,[],BOOL,PLC
500.04,CHEM_PARK_POS_DRIER,"""Chemetator Park Position to Drier""",['CHEM_PARK_POS_DRIER'],BOOL,BOTH
500.05,DRIER_FLOW_PULSE_IN,"""Pulse from Flowmeter to SCADA""",['DRIER_FLOW_PULSE_IN'],BOOL,BOTH
500.06,SWECO_7MESH_SELECTION,,['SWECO_7MESH_SELECTION'],BOOL,BOTH
500.07,SWECO_8MESH_SELECTION,,['SWECO_8MESH_SELECTION'],BOOL,BOTH
500.08,SWECO_20MESH_SELECTION,,['SWECO_20MESH_SELECTION'],BOOL,BOTH
500.09,SWECO_40MESH_SELECTION,,['SWECO_40MESH_SELECTION'],BOOL,BOTH
500.10,IDH_ADDR_500_10,,[],BOOL,PLC
500.11,IDH_ADDR_500_11,,[],BOOL,PLC
500.12,IDH_ADDR_500_12,,[],BOOL,PLC
500.13,IDH_ADDR_500_13,,[],BOOL,PLC
500.14,CHEM_OSCILLATING_DRIER,"""Chemetator Park Position to Drier""",['CHEM_OSCILLATING_DRIER'],BOOL,BOTH
501.00,SWECO_7MESH_INDICATION,"""7/40 Mesh Indication""",['SWECO_7MESH_INDICATION'],BOOL,BOTH
501.01,SWECO_8MESH_INDICATION,,['SWECO_8MESH_INDICATION'],BOOL,BOTH
501.02,SWECO_20MESH_INDICATION,,['SWECO_20MESH_INDICATION'],BOOL,BOTH
501.03,SWECO_40MESH_INDICATION,"""SWECO 40/20M Indication""",['SWECO_40MESH_INDICATION'],BOOL,BOTH
501.04,IDH_ADDR_501_04,,[],BOOL,PLC
501.05,SWECO_40MESH_S_SELECTION,,"['IDH_40M_MODIFIED', 'SWECO_40MESH_S_SELECTION']",BOOL,BOTH
501.06,IDH_ADDR_501_06,,[],BOOL,PLC
501.07,SWECO_40MESH_S_INDICATION,"""SWECO 40/7M Indication""",['SWECO_40MESH_S_INDICATION'],BOOL,BOTH
501.08,SWECO_8MESH_S_SELECTION,,['SWECO_8MESH_S_SELECTION'],BOOL,BOTH
501.09,IDH_ADDR_501_09,,[],BOOL,PLC
501.10,SWECO_8MESH_S_INDICATION,"""8/20 Mesh Indication""",['SWECO_8MESH_S_INDICATION'],BOOL,BOTH
501.11,STERILIZER_OZONE_ALM,"""Sterilizer Ozone Leak Alarm""",['STERILIZER_OZONE_ALM'],BOOL,BOTH
501.12,SWECO_WALTER_MESH_SELECTION,,['SWECO_WALTER_MESH_SELECTION'],BOOL,BOTH
501.13,IDH_ADDR_501_13,,[],BOOL,PLC
501.14,SWECO_WALTER_MESH_INDICATION,,['SWECO_WALTER_MESH_INDICATION'],BOOL,BOTH
501.15,STERILIZER_OZONE_ALM2,"""Sterilizer Ozone Trouble Alarm""",['STERILIZER_OZONE_ALM2'],BOOL,BOTH
502.00,CHILLER_NOT_RUNNING,"""Carrier Chiller Not Running""",['CHILLER_NOT_RUNNING'],BOOL,BOTH
502.01,IDH_ADDR_502_01,,[],BOOL,PLC
502.02,IDH_ADDR_502_02,,[],BOOL,PLC
502.03,SWECO_REGRINDING_SELECTION,,['SWECO_REGRINDING_SELECTION'],BOOL,BOTH
502.04,IDH_ADDR_502_04,,[],BOOL,PLC
502.05,SWECO_REGRINDING_INDICATION,,['SWECO_REGRINDING_INDICATION'],BOOL,BOTH
503.00,IDH_SATAKE_LSHH1,"""Satake Level Switch 1 High High""",['IDH_SATAKE_LSHH1'],BOOL,BOTH
503.01,IDH_SATAKE_LSH1,"""Satake Level Switch 1 High""",['IDH_SATAKE_LSH1'],BOOL,BOTH
503.02,IDH_SATAKE_LSH2,"""Satake Level Switch 2 High""",['IDH_SATAKE_LSH2'],BOOL,BOTH
503.03,IDH_SATAKE_FAULT,"""Satake Fault""",['IDH_SATAKE_FAULT'],BOOL,BOTH
503.04,IDH_SATAKE_SILENCE_PB,"""SATAKE Alarm Silence P.B.""",['IDH_SATAKE_SILENCE_PB'],BOOL,BOTH
503.05,IDH_ADDR_503_05,,[],BOOL,PLC
503.06,IDH_SATAKE_CNTR_RESET_PB,"""SATAKE Counter Reset PB""",['IDH_SATAKE_CNTR_RESET_PB'],BOOL,BOTH
503.07,IDH_SATAKE_STOP_BELT,"""SATAKE Command to Stop Comil""",['IDH_SATAKE_STOP_BELT'],BOOL,BOTH
503.08,IDH_SATAKE_CNTR_STOP_PB,"""SATAKE Counter Stop and Reset P.B.""",['IDH_SATAKE_CNTR_STOP_PB'],BOOL,BOTH
503.10,IDH_SATAKE_SILENCE,"""SATAKE Alarm Silence Status""",['IDH_SATAKE_SILENCE'],BOOL,BOTH
503.11,IDH_SATAKE_CNTR_STOP,"""SATAKE Counter Status""",['IDH_SATAKE_CNTR_STOP'],BOOL,BOTH
503.12,IDH_SATAKE_BYPASS_MODE,"""SATAKE Bypass Mode - Prevent Comil Stopping on ...""",['IDH_SATAKE_BYPASS_MODE'],BOOL,BOTH
503.13,IDH_ADDR_503_13,,[],BOOL,PLC
51.00,RESET_5_MINUTE_COUNTER,"""Reset 5 Minute Counter""",[],BOOL,PLC
60.00,IDH_ADDR_60_00,,[],BOOL,PLC
60.01,IDH_ADDR_60_01,,[],BOOL,PLC
60.02,IDH_ADDR_60_02,,[],BOOL,PLC
91.00,IDH_ADDR_91_00,,[],BOOL,PLC
91.01,IDH_ADDR_91_01,,[],BOOL,PLC
91.03,IDH_ADDR_91_03,,[],BOOL,PLC
92.00,IDH_ADDR_92_00,,[],BOOL,PLC
AR01.00,IDH_ADDR_AR01_00,,[],BOOL,PLC
AR01.01,IDH_ADDR_AR01_01,,[],BOOL,PLC
AR01.02,IDH_ADDR_AR01_02,,[],BOOL,PLC
AR01.03,IDH_ADDR_AR01_03,,[],BOOL,PLC
AR01.07,IDH_ADDR_AR01_07,,[],BOOL,PLC
AR01.08,IDH_ADDR_AR01_08,,[],BOOL,PLC
AR01.09,IDH_ADDR_AR01_09,,[],BOOL,PLC
b0830,IDH_ADDR_b0830,,[],BOOL,PLC
CNT020,C020_CTR,,[],COUNTER,PLC
CNT030,C030_CTR,,[],COUNTER,PLC
CNT031,C031_CTR,,[],COUNTER,PLC
CNT041,C041_CTR,,[],COUNTER,PLC
CNT051,C051_CTR,,[],COUNTER,PLC
CNT052,UPDATE_TIMERCOUNTER,"""Update Timer/Counter""",[],COUNTER,PLC
CNT061,CNT061_PV,"""CNT061_PV""",[],COUNTER,PLC
CNT061,CNT061_PV,"""CNT061_PV""",[],COUNTER,PLC
DM0,DRIER_FLOW_STPT_EAST_1ST_AI,,['DRIER_FLOW_STPT_EAST_1ST_AI'],DINT,BOTH
DM1,IDH_ADDR_DM1,,[],DINT,PLC
DM10,IDH_SATAKE_COUNTER_PV,"""SATAKE Counter Value""",['IDH_SATAKE_COUNTER_PV'],DINT,BOTH
DM100,T51_1_STPT,,"['T51-1_SETPT_AI', 'T51-1_SETPT_AR', 'T51-1_SETPT_AO', 'T51-1_STPT']",DINT,BOTH
DM102,IDH_ADDR_DM102,,[],DINT,PLC
DM104,IDH_ADDR_DM104,,[],DINT,PLC
DM106,IDH_ADDR_DM106,,[],DINT,PLC
DM110,T51_2_STPT,,"['T51-2_STPT_AI', 'T51-2_STPT_AR', 'T51-2_STPT_AO', 'T51-2_STPT']",DINT,BOTH
DM112,IDH_ADDR_DM112,,[],DINT,PLC
DM1121,IDH_ADDR_DM1121,,[],DINT,PLC
DM1122,IDH_ADDR_DM1122,,[],DINT,PLC
DM1123,IDH_ADDR_DM1123,,[],DINT,PLC
DM114,IDH_ADDR_DM114,,[],DINT,PLC
DM116,IDH_ADDR_DM116,,[],DINT,PLC
DM1170,IDH_ADDR_DM1170,,[],DINT,PLC
DM1171,IDH_ADDR_DM1171,,[],DINT,PLC
DM120,T51_5_STPT,,"['T51-5_STPT_AI', 'T51-5_STPT_AR', 'T51-5_STPT_AO', 'T51-5_STPT']",DINT,BOTH
DM122,IDH_ADDR_DM122,,[],DINT,PLC
DM124,IDH_ADDR_DM124,,[],DINT,PLC
DM126,IDH_ADDR_DM126,,[],DINT,PLC
DM130,T51_3_STPT,"""Temperature S.P.""","['T51-3_STPT_AI', 'T51-3_STPT_AR', 'T51-3_STPT_AO', 'T51-3_STPT']",REAL,BOTH
DM132,IDH_ADDR_DM132,,[],DINT,PLC
DM134,IDH_ADDR_DM134,,[],DINT,PLC
DM136,IDH_ADDR_DM136,,[],DINT,PLC
DM140,T51_12_STPT_AO,,"['T51-12_STPT_AI', 'T51-12_STPT_AR', 'T51-12_STPT_AO']",DINT,BOTH
DM141,T51_12_MAN_OUTPUT,"""T51-12 MANUAL OUTPUT (AV51-2)""",['T51-12_MAN_OUTPUT'],DINT,BOTH
DM142,IDH_ADDR_DM142,,[],DINT,PLC
DM144,IDH_ADDR_DM144,,[],DINT,PLC
DM147,IDH_ADDR_DM147,,[],DINT,PLC
DM148,IDH_ADDR_DM148,,[],DINT,PLC
DM149,IDH_ADDR_DM149,,[],DINT,PLC
DM150,GLYCOL_SETPOINT,"""Glycol Setpoint""",[],REAL,PLC
DM1712,IDH_ADDR_DM1712,,[],DINT,PLC
DM1717,CFM_51_1,"""IDH AIR FLOW""",['CFM_51-1'],DINT,BOTH
DM1720,IDH_ADDR_DM1720,,[],DINT,PLC
DM1721,IDH_ADDR_DM1721,,[],DINT,PLC
DM1722,IDH_ADDR_DM1722,,[],DINT,PLC
DM1727,EAST_DRIER_FLOW,"""EAST DRIER FLOWRATE""","['DRIER_FLOW_CIP_EAST', 'DRIER_FLOW_4TH_EAST', 'DRIER_FLOW_3RD_EAST', 'DRIER_FLOW_2ND_EAST', 'DRIER_FLOW_1ST_EAST', 'DRIER_EAST_FLOW_REP1', 'DRIER_EAST_FLOW_REP', 'EAST_DRIER_FLOW']",REAL,BOTH
DM1728,IDH_ADDR_DM1728,,[],DINT,PLC
DM1730,IDH_ADDR_DM1730,,[],DINT,PLC
DM1731,IDH_ADDR_DM1731,,[],DINT,PLC
DM1732,IDH_ADDR_DM1732,,[],DINT,PLC
DM1737,WEST_FLOW_RATE,"""WEST DRYER FLOW RATE 0-130 l/m""",[],REAL,PLC
DM1738,IDH_ADDR_DM1738,,[],DINT,PLC
DM1740,IDH_ADDR_DM1740,,[],DINT,PLC
DM1741,IDH_ADDR_DM1741,,[],DINT,PLC
DM1742,IDH_ADDR_DM1742,,[],DINT,PLC
DM1747,IDH_REGEN_FAN_AMPS,"""IDH REGEN FAN AMPS""",['IDH_REGEN_FAN_AMPS'],REAL,BOTH
DM1750,IDH_ADDR_DM1750,,[],DINT,PLC
DM1751,IDH_ADDR_DM1751,,[],DINT,PLC
DM1752,IDH_ADDR_DM1752,,[],DINT,PLC
DM1757,DEW_51_1_RAW,,['DEW_51-1_RAW'],DINT,BOTH
DM1760,IDH_ADDR_DM1760,,[],DINT,PLC
DM1761,IDH_ADDR_DM1761,,[],DINT,PLC
DM1762,IDH_ADDR_DM1762,,[],DINT,PLC
DM1767,IDH_MAIN_FAN_AMPS,"""IDH main fan amps""",['IDH_MAIN_FAN_AMPS'],REAL,BOTH
DM1770,IDH_ADDR_DM1770,,[],DINT,PLC
DM1771,IDH_ADDR_DM1771,,[],DINT,PLC
DM1772,IDH_ADDR_DM1772,,[],DINT,PLC
DM1777,IDH_ADDR_DM1777,,[],DINT,PLC
DM1780,IDH_ADDR_DM1780,,[],DINT,PLC
DM1781,IDH_ADDR_DM1781,,[],DINT,PLC
DM1782,IDH_ADDR_DM1782,,[],DINT,PLC
DM1787,IDH_ADDR_DM1787,,[],DINT,PLC
DM1790,L52_51,"""Chiller Tank lvl high or low""",['L52-51'],DINT,BOTH
DM180,IDH_ADDR_DM180,,[],DINT,PLC
DM1821,IDH_ADDR_DM1821,,[],DINT,PLC
DM184,IDH_ADDR_DM184,,[],DINT,PLC
DM1886,IDH_ADDR_DM1886,,[],DINT,PLC
DM1921,IDH_ADDR_DM1921,,[],DINT,PLC
DM2,DRIER_FLOW_STPT_EAST_2ND_AI,,['DRIER_FLOW_STPT_EAST_2ND_AI'],DINT,BOTH
DM200,IDH_ADDR_DM200,,[],DINT,PLC
DM204,IDH_ADDR_DM204,,[],DINT,PLC
DM215,IDH_ADDR_DM215,,[],DINT,PLC
DM217,IDH_ADDR_DM217,,[],DINT,PLC
DM220,IDH_ADDR_DM220,,[],DINT,PLC
DM221,IDH_T51_3_PROPORTIONAL,"""T51-3 PROPORTIONAL""",['IDH_T51-3_PROPORTIONAL'],DINT,BOTH
DM222,IDH_T51_3_INTEGRAL,"""T51-3 INTEGRAL""",['IDH_T51-3_INTEGRAL'],DINT,BOTH
DM223,IDH_T51_3_DERIVATIVE,"""T51-3 DERIVATIVE""",['IDH_T51-3_DERIVATIVE'],DINT,BOTH
DM224,IDH_T51_3_SAMPLE,"""T51-3 SAMPLE PERIOD""",['IDH_T51-3_SAMPLE'],DINT,BOTH
DM225,IDH_ADDR_DM225,,[],DINT,PLC
DM226,IDH_ADDR_DM226,,[],DINT,PLC
DM24,IDH_40M_VALVE_TIME_OFF,"""V2 Closed Time (minutes)""",['IDH_40M_VALVE_TIME_OFF'],DINT,BOTH
DM25,IDH_ADDR_DM25,,[],DINT,PLC
DM255,IDH_T51_3_SETPOINT,"""T51-3 SETPOINT""",['IDH_T51-3_SETPOINT'],DINT,BOTH
DM256,DM257,"""DM257""",[],REAL,PLC
DM257,IDH_ADDR_DM257,,[],DINT,PLC
DM258,IDH_ADDR_DM258,,[],DINT,PLC
DM259,IDH_ADDR_DM259,,[],DINT,PLC
DM260,IDH_T51_3_OUTPUT,"""T51-3 OUTPUT""",['IDH_T51-3_OUTPUT'],DINT,BOTH
DM2600,IDH_ADDR_DM2600,,[],DINT,PLC
DM261,IDH_ADDR_DM261,,[],DINT,PLC
DM2650,IDH_ADDR_DM2650,,[],DINT,PLC
DM27,IDH_40M_VALVE_TIME_ON,"""V2 Open Time (seconds)""",['IDH_40M_VALVE_TIME_ON'],DINT,BOTH
DM270,IDH_ADDR_DM270,,[],DINT,PLC
DM2700,IDH_ADDR_DM2700,,[],DINT,PLC
DM274,T51_3_RAW,"""DRIER TEMP IN FROM IDH""","['T51-3_SCADA_SCALED', 'T51-3_RAW']",DINT,BOTH
DM275,IDH_ADDR_DM275,,[],DINT,PLC
DM2750,Tag_51_3_SET_POINT_RESULT,"""51-3 SET POINT result""",[],REAL,PLC
DM279,T51_2_SCADA_SCALED,"""Air Temp Before Dessicant Wheel""",['T51-2_SCADA_SCALED'],DINT,BOTH
DM28,IDH_ADDR_DM28,,[],DINT,PLC
DM280,IDH_ADDR_DM280,,[],DINT,PLC
DM2800,C_S_P,"""C (S.P.)""",[],REAL,PLC
DM2801,T51_12_PROPORTIONAL,"""(NGC)""","['T51-12_PROPORTIONAL', 'T51-12_PROPORTIONAL_AI', 'T51-12_PROPORTIONAL_AO']",REAL,BOTH
DM2802,T51_12_INTEGRAL,"""(NGC)""","['T51-12_INTEGRAL', 'T51-12_INTEGRAL_AI', 'T51-12_INTEGRAL_AO']",REAL,BOTH
DM2803,T51_12_DERIVATIVE,"""(NGC)""","['T51-12_DERIVATIVE', 'T51-12_DERIVATIVE_AI', 'T51-12_DERIVATIVE_AO']",REAL,BOTH
DM2804,T51_12_SAMPLING,"""(NGC)""","['T51-12_SAMPLING', 'T51-12_SAMPLING_AI', 'T51-12_SAMPLING_AO']",REAL,BOTH
DM2805,C5_FWDREV,"""C+5 (FWD/REV*)""",[],REAL,PLC
DM2806,C6_IN_RANGE,"""C+6 (IN Range | Time | OUT Range)""",[],REAL,PLC
DM284,T51_1_SCADA_SCALED,"""Air Temp After CC1""",['T51-1_SCADA_SCALED'],DINT,BOTH
DM285,IDH_ADDR_DM285,,[],DINT,PLC
DM2850,IDH_ADDR_DM2850,,[],DINT,PLC
DM289,T51_6_SCADA_SCALED,"""After Wheel Temp""",['T51-6_SCADA_SCALED'],DINT,BOTH
DM3,IDH_ADDR_DM3,,[],DINT,PLC
DM30,IDH_40_7M_VALVE_TIME_ON,"""V3 Open Time (seconds)""",['IDH_40_7M_VALVE_TIME_ON'],DINT,BOTH
DM300,IDH_ADDR_DM300,,[],DINT,PLC
DM3000,IDH_ADDR_DM3000,,[],DINT,PLC
DM3001,IDH_ADDR_DM3001,,[],DINT,PLC
DM3002,IDH_ADDR_DM3002,,[],DINT,PLC
DM3005,IDH_ADDR_DM3005,,[],DINT,PLC
DM3006,IDH_ADDR_DM3006,,[],DINT,PLC
DM3007,IDH_ADDR_DM3007,,[],DINT,PLC
DM3008,IDH_ADDR_DM3008,,[],DINT,PLC
DM3009,IDH_ADDR_DM3009,,[],DINT,PLC
DM304,IDH_ADDR_DM304,,[],DINT,PLC
DM31,IDH_ADDR_DM31,,[],DINT,PLC
DM310,IDH_ADDR_DM310,,[],DINT,PLC
DM314,T51_5_PV_TO_BURNER_AA,"""IDH regen temp HI or LO""",['T51-5_PV_TO_BURNER_AA'],DINT,BOTH
DM3143,IDH_ADDR_DM3143,,[],DINT,PLC
DM3148,IDH_ADDR_DM3148,,[],DINT,PLC
DM33,IDH_40_7M_VALVE_TIME_OFF,"""V3 Closed Time (seconds)""",['IDH_40_7M_VALVE_TIME_OFF'],DINT,BOTH
DM34,IDH_ADDR_DM34,,[],DINT,PLC
DM3499,STER_P66_SETPOINT,"""P66 Speed Setpoint""",['STER_P66_SETPOINT'],REAL,BOTH
DM3500,DRI_CONT_P116_SP_AO,"""p116 controller stpt ao""","['DRI_CONT_P116_SP_AR', 'DRI_CONT_P116_SP_AO']",REAL,BOTH
DM3501,STER_P117_SETPOINT,"""P117 Speed Setpoint""","['DRI_CONT_P118_SP_AR', 'STER_P117_SETPOINT', 'DRI_CONT_P118_SP_AO']",REAL,BOTH
DM3505,IDH_ADDR_DM3505,,[],DINT,PLC
DM3506,IDH_ADDR_DM3506,,[],DINT,PLC
DM3521,DRI_CONT_P116_SP_AI,"""p116 controller  stpt ai""",['DRI_CONT_P116_SP_AI'],DINT,BOTH
DM3526,DRI_CONT_P118_SP_AI,"""P118 CONTROLLER PV""",['DRI_CONT_P118_SP_AI'],DINT,BOTH
DM3553,IDH_ADDR_DM3553,,[],DINT,PLC
DM3558,IDH_ADDR_DM3558,,[],DINT,PLC
DM3563,IDH_ADDR_DM3563,,[],DINT,PLC
DM3568,IDH_ADDR_DM3568,,[],DINT,PLC
DM3573,IDH_ADDR_DM3573,,[],DINT,PLC
DM3578,IDH_ADDR_DM3578,,[],DINT,PLC
DM3603,IDH_ADDR_DM3603,,[],DINT,PLC
DM3608,IDH_ADDR_DM3608,,[],DINT,PLC
DM3613,IDH_ADDR_DM3613,,[],DINT,PLC
DM3618,IDH_ADDR_DM3618,,[],DINT,PLC
DM3623,IDH_ADDR_DM3623,,[],DINT,PLC
DM3628,IDH_ADDR_DM3628,,[],DINT,PLC
DM3800,IDH_ADDR_DM3800,,[],DINT,PLC
DM3801,IDH_ADDR_DM3801,,[],DINT,PLC
DM3802,IDH_ADDR_DM3802,,[],DINT,PLC
DM3803,IDH_ADDR_DM3803,,[],DINT,PLC
DM3804,IDH_ADDR_DM3804,,[],DINT,PLC
DM3805,IDH_ADDR_DM3805,,[],DINT,PLC
DM3806,IDH_ADDR_DM3806,,[],DINT,PLC
DM3807,IDH_ADDR_DM3807,,[],DINT,PLC
DM3808,IDH_ADDR_DM3808,,[],DINT,PLC
DM3809,IDH_ADDR_DM3809,,[],DINT,PLC
DM3810,IDH_ADDR_DM3810,,[],DINT,PLC
DM3811,IDH_ADDR_DM3811,,[],DINT,PLC
DM4,DRIER_FLOW_STPT_EAST_3RD_AI,,['DRIER_FLOW_STPT_EAST_3RD_AI'],DINT,BOTH
DM4000,IDH_ADDR_DM4000,,[],DINT,PLC
DM4005,IDH_ADDR_DM4005,,[],DINT,PLC
DM5,IDH_ADDR_DM5,,[],DINT,PLC
DM500,IDH_ADDR_DM500,,[],DINT,PLC
DM501,IDH_ADDR_DM501,,[],DINT,PLC
DM502,IDH_ADDR_DM502,,[],DINT,PLC
DM503,IDH_ADDR_DM503,,[],DINT,PLC
DM505,IDH_ADDR_DM505,,[],DINT,PLC
DM506,IDH_ADDR_DM506,,[],DINT,PLC
DM508,IDH_ADDR_DM508,,[],DINT,PLC
DM509,IDH_ADDR_DM509,,[],DINT,PLC
DM510,IDH_ADDR_DM510,,[],DINT,PLC
DM511,IDH_ADDR_DM511,,[],DINT,PLC
DM512,IDH_ADDR_DM512,,[],DINT,PLC
DM513,IDH_ADDR_DM513,,[],DINT,PLC
DM515,IDH_ADDR_DM515,,[],DINT,PLC
DM5200,HIGH_DEADBAND_LIMIT,"""High Deadband Limit""",[],REAL,PLC
DM5201,HIGH_HIGH_DEADBAND_LIMIT,"""High High DeadBand Limit""",[],REAL,PLC
DM5202,LOW_DEADBAND_LIMIT,"""Low DeadBand Limit""",[],REAL,PLC
DM5203,LOW_LOW_DEADBAND_LIMIT,"""Low Low DeadBand Limit""",[],REAL,PLC
DM5204,IDH_ADDR_DM5204,,[],DINT,PLC
DM5205,IDH_ADDR_DM5205,,[],DINT,PLC
DM5209,CC3_TEMPERATURE,"""IDH Outlet Temperature""",['CC3_TEMPERATURE'],REAL,BOTH
DM5209,CC3_TEMPERATURE,"""IDH Outlet Temperature""",[],REAL,PLC
DM5210,PREVIOUS_CC3_OUTPUT,"""Previous CC3 Output""",[],REAL,PLC
DM5210,PREVIOUS_CC3_OUTPUT,"""Previous CC3 Output""",[],REAL,PLC
DM5211,CC3_OUTPUT,"""CC3 Cooling Valve Output""",['CC3_OUTPUT'],REAL,BOTH
DM5211,CC3_OUTPUT,"""CC3 Cooling Valve Output""",[],REAL,PLC
DM5212,HEX_OUTPUT,"""HEX Output""",[],REAL,PLC
DM5212,HEX_OUTPUT,"""HEX Output""",[],REAL,PLC
DM5213,SCALED_HEX_OUTPUT,"""Scaled Hex Output""",[],REAL,PLC
DM5213,SCALED_HEX_OUTPUT,"""Scaled Hex Output""",[],REAL,PLC
DM5215,CC3_SETPOINT_AO,"""CC3 Setpoint Out""",['CC3_SETPOINT_AO'],REAL,BOTH
DM5215,CC3_SETPOINT_AO,"""CC3 Setpoint Out""",[],REAL,PLC
DM5217,PHYSICAL_OUTPUT_104,"""Physical Output (104)""",[],REAL,PLC
DM5217,PHYSICAL_OUTPUT_104,"""Physical Output (104)""",[],REAL,PLC
DM5221,T51_12_SCALED,"""T51-12 SCALED""",[],REAL,PLC
DM5221,T51_12_SCALED,"""T51-12 SCALED""",[],REAL,PLC
DM6,DRIER_FLOW_STPT_EAST_4TH_AI,,['DRIER_FLOW_STPT_EAST_4TH_AI'],DINT,BOTH
DM7,IDH_ADDR_DM7,,[],DINT,PLC
DM8,DRIER_FLOW_STPT_EAST_CIP_AI,,['DRIER_FLOW_STPT_EAST_CIP_AI'],DINT,BOTH
DM800,IDH_ADDR_DM800,,[],DINT,PLC
DM801,IDH_ADDR_DM801,,[],DINT,PLC
DM9,IDH_ADDR_DM9,,[],DINT,PLC
DM900,DRIER_EAST_FLOW_STPT,,"['DRIER_EAST_FLOW_STPT_SLOW', 'DRIER_EAST_FLOW_STPT', 'CHEM_DRIER_FLOWRATE_STPT', 'EAST_DRIER_FLOWRATE_STPT']",DINT,BOTH
DM901,IDH_ADDR_DM901,,[],DINT,PLC
DM902,IDH_ADDR_DM902,,[],DINT,PLC
DM910,DRIER_FROM_STER_CIP_STEP,"""STERILIZER CIP SEQUENCE TO SET P117 P66 SPEED""",['DRIER_FROM_STER_CIP_STEP'],REAL,BOTH
DM920,CHEM_FLOW,"""CHEMETATOR FLOW""","['DRIER_FLOW_AI', 'CHEM_FLOW', 'CHEM_FLOW_PASSTHRU', 'NEW_DRIER_FLOW', 'NEW_DRIER_FLOW_PASSTHRU', 'NEW_DRIER_FLOW_TO_DRY']",REAL,BOTH
DM930,IDH_ADDR_DM930,,[],DINT,PLC
DM934,DRIER_DRY_FLOW_EAST,"""COMIL FLOW""","['DRIER_DRY_FLOW_EAST', 'DRIER_DRY_FLOW_COMIL']",DINT,BOTH
DM935,IDH_ADDR_DM935,,[],DINT,PLC
DM939,DRIER_DRY_FLOW_FINE_GRIND,"""FINE GRINDER FLOW < 3.0""","['DRIER_DRY_FLOW_FINE_GRIND_AA', 'DRIER_DRY_FLOW_FINE_GRIND']",DINT,BOTH
HR01.00,IDH_ADDR_HR01_00,,[],BOOL,PLC
HR01.01,IDH_ADDR_HR01_01,,[],BOOL,PLC
HR01.02,IDH_ADDR_HR01_02,,[],BOOL,PLC
HR01.03,IDH_ADDR_HR01_03,,[],BOOL,PLC
HR01.04,IDH_ADDR_HR01_04,,[],BOOL,PLC
HR01.05,IDH_ADDR_HR01_05,,[],BOOL,PLC
HR01.06,IDH_ADDR_HR01_06,,[],BOOL,PLC
HR01.07,IDH_ADDR_HR01_07,,[],BOOL,PLC
HR01.08,IDH_ADDR_HR01_08,,[],BOOL,PLC
HR01.09,IDH_ADDR_HR01_09,,[],BOOL,PLC
HR01.10,IDH_ADDR_HR01_10,,[],BOOL,PLC
HR01.11,IDH_ADDR_HR01_11,,[],BOOL,PLC
HR02.00,IDH_ADDR_HR02_00,,[],BOOL,PLC
HR02.01,IDH_ADDR_HR02_01,,[],BOOL,PLC
HR02.02,IDH_ADDR_HR02_02,,[],BOOL,PLC
HR02.03,IDH_ADDR_HR02_03,,[],BOOL,PLC
HR02.04,IDH_ADDR_HR02_04,,[],BOOL,PLC
HR02.05,IDH_ADDR_HR02_05,,[],BOOL,PLC
HR02.06,IDH_ADDR_HR02_06,,[],BOOL,PLC
HR02.07,IDH_ADDR_HR02_07,,[],BOOL,PLC
HR02.08,IDH_ADDR_HR02_08,,[],BOOL,PLC
HR02.09,IDH_ADDR_HR02_09,,[],BOOL,PLC
HR02.10,IDH_ADDR_HR02_10,,[],BOOL,PLC
HR02.11,IDH_ADDR_HR02_11,,[],BOOL,PLC
HR02.12,IDH_ADDR_HR02_12,,[],BOOL,PLC
HR03.00,IDH_ADDR_HR03_00,,[],BOOL,PLC
HR03.01,IDH_ADDR_HR03_01,,[],BOOL,PLC
HR10.00,IDH_ADDR_HR10_00,,[],BOOL,PLC
HR10.01,IDH_ADDR_HR10_01,,[],BOOL,PLC
HR10.02,IDH_ADDR_HR10_02,,[],BOOL,PLC
HR10.03,IDH_ADDR_HR10_03,,[],BOOL,PLC
TIM000,T000_TMR,,[],TIMER,PLC
TIM005,T005_TMR,,[],TIMER,PLC
TIM006,T006_TMR,,[],TIMER,PLC
TIM010,T010_TMR,,[],TIMER,PLC
TIM015,T015_TMR,,[],TIMER,PLC
TIM016,T016_TMR,,[],TIMER,PLC
TIM017,T017_TMR,,[],TIMER,PLC
TIM021,T021_TMR,,[],TIMER,PLC
TIM022,T022_TMR,,[],TIMER,PLC
TIM023,T023_TMR,,[],TIMER,PLC
TIM024,T024_TMR,,[],TIMER,PLC
TIM025,T025_TMR,,[],TIMER,PLC
TIM026,T026_TMR,,[],TIMER,PLC
TIM027,T027_TMR,,[],TIMER,PLC
TIM028,T028_TMR,,[],TIMER,PLC
TIM029,T029_TMR,,[],TIMER,PLC
TIM032,T032_TMR,,[],TIMER,PLC
TIM033,T033_TMR,,[],TIMER,PLC
TIM034,T034_TMR,,[],TIMER,PLC
TIM035,T035_TMR,,[],TIMER,PLC
TIM036,T036_TMR,,[],TIMER,PLC
TIM037,T037_TMR,,[],TIMER,PLC
TIM038,T038_TMR,,[],TIMER,PLC
TIM039,T039_TMR,,[],TIMER,PLC
TIM060,T060_TMR,,[],TIMER,PLC
TIM062,ALARM_SILENCE_RESET_TIMER,"""ALARM SILENCE RESET TIMER""",[],TIMER,PLC
TIM063,RESET_P_B_RESET_TIMER,"""RESET P.B. RESET TIMER""",[],TIMER,PLC
TIM064,COUNTER_STOP_RESET_TIMER,"""COUNTER STOP RESET TIMER""",[],TIMER,PLC
TIM065,ALARM_SILENCE_TIMER,"""ALARM SILENCE TIMER""",[],TIMER,PLC
TIM066,STOP_COMIL_DELAY,"""STOP COMIL DELAY""",[],TIMER,PLC
TIM068,OZONE_LEAK_DELAY,"""Ozone Leak Delay""",[],TIMER,PLC
TIM069,OZONE_TROUBLE_DELAY,"""Ozone Trouble Delay""",[],TIMER,PLC
DM2601,T_51_1_PROPORTIONAL,"""(NGC)""","['T-51-1_PROPORTIONAL', 'T-51-1_PROPORTIONAL_AI', 'T-51-1_PROPORTIONAL_AO']",DINT,BOTH
DM2603,T51_1_DERIVATIVE,"""(NGC)""","['T51-1_DERIVATIVE', 'T51-1_DERIVATIVE_AI', 'T51-1_DERIVATIVE_AO']",DINT,BOTH
DM2602,T51_1_INTEGRAL,"""(NGC)""","['T51-1_INTEGRAL', 'T51-1_INTEGRAL_AI', 'T51-1_INTEGRAL_AO']",DINT,BOTH
DM2604,T51_1_SAMPLING,"""(NGC)""","['T51-1_SAMPLING', 'T51-1_SAMPLING_AI', 'T51-1_SAMPLING_AO']",DINT,BOTH
DM2653,T51_2_DERIVATIVE,"""(NGC)""","['T51-2_DERIVATIVE', 'T51-2_DERIVATIVE_AI', 'T51-2_DERIVATIVE_AO']",DINT,BOTH
DM2652,T51_2_INTEGRAL,"""(NGC)""","['T51-2_INTEGRAL', 'T51-2_INTEGRAL_AI', 'T51-2_INTEGRAL_AO']",DINT,BOTH
DM2651,T51_2_PROPORTIONAL,"""(NGC)""","['T51-2_PROPORTIONAL', 'T51-2_PROPORTIONAL_AI', 'T51-2_PROPORTIONAL_AO']",DINT,BOTH
DM2654,T51_2_SAMPLING,"""(NGC)""","['T51-2_SAMPLING', 'T51-2_SAMPLING_AI', 'T51-2_SAMPLING_AO']",DINT,BOTH
DM2753,T51_3_S_DERIVATIVE,"""(NGC)""","['T51-3_S_DERIVATIVE', 'T51-3_S_DERIVATIVE_AI', 'T51-3_S_DERIVATIVE_AO']",DINT,BOTH
DM2752,T51_3_S_INTEGRAL,"""(NGC)""","['T51-3_S_INTEGRAL', 'T51-3_S_INTEGRAL_AI', 'T51-3_S_INTEGRAL_AO']",DINT,BOTH
DM2751,T51_3_S_PROPORTIONAL,"""(NGC)""","['T51-3_S_PROPORTIONAL', 'T51-3_S_PROPORTIONAL_AI', 'T51-3_S_PROPORTIONAL_AO']",DINT,BOTH
DM2754,T51_3_S_SAMPLING,"""(NGC)""","['T51-3_S_SAMPLING', 'T51-3_S_SAMPLING_AI', 'T51-3_S_SAMPLING_AO']",DINT,BOTH
DM2853,T51_3_W_DERIVATIVE,"""(NGC)""","['T51-3_W_DERIVATIVE', 'T51-3_W_DERIVATIVE_AI', 'T51-3_W_DERIVATIVE_AO']",DINT,BOTH
DM2852,T51_3_W_INTEGRAL,"""(NGC)""","['T51-3_W_INTEGRAL', 'T51-3_W_INTEGRAL_AI', 'T51-3_W_INTEGRAL_AO']",DINT,BOTH
DM2851,T51_3_W_PROPORTIONAL,"""(NGC)""","['T51-3_W_PROPORTIONAL', 'T51-3_W_PROPORTIONAL_AI', 'T51-3_W_PROPORTIONAL_AO']",DINT,BOTH
DM2854,T51_3_W_SAMPLING,"""(NGC)""","['T51-3_W_SAMPLING', 'T51-3_W_SAMPLING_AI', 'T51-3_W_SAMPLING_AO']",DINT,BOTH
DM3516,DRI_CONT_P118_PV,"""P118 CONTROLLER PV""",['DRI_CONT_P118_PV'],DINT,SCADA
DM3511,DRI_CONT_P116_PV,"""P116 CONTROLLER PV""",['DRI_CONT_P116_PV'],DINT,SCADA
DM2703,T51_5_DERIVATIVE,"""(NGC)""","['T51-5_DERIVATIVE', 'T51-5_DERIVATIVE_AI', 'T51-5_DERIVATIVE_AO']",DINT,BOTH
DM2702,T51_5_INTEGRAL,"""(NGC)""","['T51-5_INTEGRAL', 'T51-5_INTEGRAL_AI', 'T51-5_INTEGRAL_AO']",DINT,BOTH
DM2701,T51_5_PROPORTIONAL,"""(NGC)""","['T51-5_PROPORTIONAL', 'T51-5_PROPORTIONAL_AI', 'T51-5_PROPORTIONAL_AO']",DINT,BOTH
HR10,DRIER_COOK_AI,"""""","['DRIER_COOK_AI', 'DRIER_COOK']",BOOL,BOTH
DM913,DRIER_BATCH_NUM_AR,"""(NGC) drier batch number ar""","['DRIER_BATCH_NUM_AR', 'DRIER_BATCH_NUM_AI', 'DRIER_BATCH_NUM', 'DRIER_BATCH_NUM_AO']",DINT,BOTH
DM2704,T51_5_SAMPLING,"""(NGC)""","['T51-5_SAMPLING', 'T51-5_SAMPLING_AI', 'T51-5_SAMPLING_AO']",DINT,BOTH
106,T51_3_W_PID_OUTPUT_FORCE,"""FORCE CC1 CONTROL VALVE WINT(PID MAN ON)""","['T51-3_W_PID_OUTPUT_FORCE', 'T51-3_W_PID_OUTPUT']",DINT,BOTH
HR1.00,DRI_EAST_OSC_ARM_ON,"""""","['DRI_EAST_OSC_ARM_ON', 'DRI_EAST_OSC_ARM_OFF', 'DRIER_EAST_OSC_ARM_INVERT']",BOOL,BOTH
HR1.08,T51_12_SUMMER_WINTER,"""T51-12 Summer Winter Selection""",['T51_12_SUMMER_WINTER'],BOOL,SCADA
HR1.06,T51_12_PID_LOOP_STATUS_DI,"""""","['T51-12_PID_LOOP_STATUS_DI', 'T51-12_PID_LOOP_STATUS', 'T51-12_PID_LOOP_STATUS_DO']",BOOL,BOTH
HR1.09,IDH_T51_3_PID_AUTO_MAN,"""T51-3 AUTO/MAN""",['IDH_T51-3_PID_AUTO_MAN'],BOOL,SCADA
HR1.04,T51_5_PID_LOOP_STATUS_DI,"""""","['T51-5_PID_LOOP_STATUS_DI', 'T51-5_PID_LOOP_STATUS']",BOOL,BOTH
HR1.07,T51_3_W_PID_LOOP_STATUS_DI,"""""","['T51-3_W_PID_LOOP_STATUS_DI', 'T51-3_W_PID_LOOP_STATUS', 'T51-3_W_PID_LOOP_STATUS_DO']",BOOL,BOTH
HR1.05,T51_3_S_PID_LOOP_STATUS_DI,"""""","['T51-3_S_PID_LOOP_STATUS_DI', 'T51-3_S_PID_LOOP_STATUS', 'T51-3_S_PID_LOOP_STATUS_DO']",BOOL,BOTH
HR1.03,T51_2_PID_LOOP_STATUS_DI,"""""","['T51-2_PID_LOOP_STATUS_DI', 'T51-2_PID_LOOP_STATUS', 'T51-2_PID_LOOP_STATUS_DO']",BOOL,BOTH
HR1.02,T51_1_PID_LOOP_STATUS_DI,"""""","['T51-1_PID_LOOP_STATUS_DI', 'T51-1_PID_LOOP_STATUS', 'T51-1_PID_LOOP_STATUS_DO']",BOOL,BOTH
44.08,INTAKE_BOTTOM_CLOSED,"""Intake bottom valve closed feedback""",['INTAKE_BOTTOM_CLOSED'],BOOL,SCADA
44.09,INTAKE_MIDDLE_CLOSED,"""Intake middle valve closed feedback""",['INTAKE_MIDDLE_CLOSED'],BOOL,SCADA
44.10,ZONE2_EXHAUST_FEEDBACK,"""Zone2 valve exhaust feedback""",['ZONE2_EXHAUST_FEEDBACK'],BOOL,SCADA
44.11,ZONE2_REC_FEEDBACK,"""Zone2 recirculation feedback""",['ZONE2_REC_FEEDBACK'],BOOL,SCADA
44.12,ZONE4_EXHAUST_FEEDBACK,"""Zone4 exhaust feedback""",['ZONE4_EXHAUST_FEEDBACK'],BOOL,SCADA
44.13,ZONE4_REC_FEEDBACK,"""Zone4 recirculation feedback""",['ZONE4_REC_FEEDBACK'],BOOL,SCADA
38.00,IDH_AV51_11_CLOSE,"""""",['IDH_AV51-11_CLOSE'],BOOL,SCADA
38.01,IDH_AV51_11_OPEN,"""""",['IDH_AV51-11_OPEN'],BOOL,SCADA
38.02,IDH_AV51_12_CLOSE,"""""",['IDH_AV51-12_CLOSE'],BOOL,SCADA
38.03,IDH_AV51_12_OPEN,"""""",['IDH_AV51-12_OPEN'],BOOL,SCADA
38.04,IDH_AV51_13_CLOSE,"""""",['IDH_AV51-13_CLOSE'],BOOL,SCADA
38.05,IDH_AV51_13_OPEN,"""""",['IDH_AV51-13_OPEN'],BOOL,SCADA
42.08,IDH_12EF2_ZH_DO,"""IDH Economizer Zone2 valve Opened""",['IDH_12EF2_ZH_DO'],BOOL,SCADA
39.02,IDH_12EF2_ZC_DO,"""IDH Economizer Zone2 valve Output""",['IDH_12EF2_ZC_DO'],BOOL,SCADA
HR2.03,DRIER_FLOW_SPIKE_ALARM_ACK_DO,"""""",['DRIER_FLOW_SPIKE_ALARM_ACK_DO'],BOOL,SCADA
HR3.00,DRI_LOCAL_ALARM_DO,"""SIGNAL TO DRIER PLC TO TURN ON LOCAL ALM""",['DRI_LOCAL_ALARM_DO'],BOOL,SCADA
HR3.01,DRI_LOCAL_ALM_LOCKOUT_DO,"""LOCKS OUT ALARM IN PLC""","['DRI_LOCAL_ALM_LOCKOUT_DO', 'DRI_LOCAL_ALM_LOCKOUT_DI']",BOOL,BOTH
196,T51_11_RAW,"""chiller #1 inlet temp (hot)""","['T51-11_RAW', 'T51-11_SCADA_SCALED']",DINT,BOTH
183,T52_49_RAW,"""small cooling tower return from cc3""",['T52-49_RAW'],DINT,SCADA
184,T52_50_RAW,"""cc3 inlet temp""",['T52-50_RAW'],DINT,SCADA
DM210,CHEM_TEST_FLOW_AVG_1,"""CHEMETATOR FLOW AVG (minute)""",['CHEM_TEST_FLOW_AVG_1'],DINT,SCADA
DM213,CHEM_TEST_FLOW_AVG_2,"""CHEMETATOR FLOW AVG (hour)""",['CHEM_TEST_FLOW_AVG_2'],DINT,SCADA
HR2.02,DRIER_FLOW_SPIKE_ALARM,"""DRIER FLOW SPIKE ALARM""",['DRIER_FLOW_SPIKE_ALARM'],BOOL,SCADA
44.00,PU52_2B_PROVE,"""small cooling tower recirc pump B""",['PU52-2B_PROVE'],BOOL,SCADA
43.14,PU52_2A_PROVE,"""small cooling tower recirc pump A""",['PU52-2A_PROVE'],BOOL,SCADA
43.12,PU51_2B_PROVE,"""chiller #2 recirc pump B""",['PU51-2B_PROVE'],BOOL,SCADA
43.10,PU_51_2A_PROVE,"""chiller #2 recirc pump A""",['PU-51-2A_PROVE'],BOOL,SCADA
43.02,PU_51_1B_PROVE,"""chiller #1 recirc pump B""",['PU-51-1B_PROVE'],BOOL,SCADA
43.00,PU_51_1A_PROVE,"""chiller #1 recirc pump A""",['PU-51-1A_PROVE'],BOOL,SCADA
 503.13,IDH_SATAKE_BYPASS_REMINDER,"""SATAKE Bypass Enabled with No Alarms Present""",['IDH_SATAKE_BYPASS_REMINDER'],BOOL,SCADA
