Type,TAG,NEXT BLK,DESCRIPTION,Full Address,Clean_Address_BCD,Clean_Address,New_Address
AI,T-51-1_PROPORTIONAL,,(NGC),OMR_GW2.IDH.DM2601,DM2601,DM2601,T_51_1_PROPORTIONAL
AI,T-51-1_PROPORTIONAL_AI,,,OMR_GW2.IDH.DM2601,DM2601,DM2601,T_51_1_PROPORTIONAL
AI,T51-1_DERIVATIVE,,(NGC),OMR_GW2.IDH.DM2603,DM2603,DM2603,T51_1_DERIVATIVE
AI,T51-1_DERIVATIVE_AI,,,OMR_GW2.IDH.DM2603,DM2603,DM2603,T51_1_DERIVATIVE
AI,T51-1_INTEGRAL,,(NGC),OMR_GW2.IDH.DM2602,DM2602,DM2602,T51_1_INTEGRAL
AI,T51-1_INTEGRAL_AI,,,OMR_GW2.IDH.DM2602,DM2602,DM2602,T51_1_INTEGRAL
AI,T51-1_SAMPLING,,(NGC),OMR_GW2.IDH.DM2604,DM2604,DM2604,T51_1_SAMPLING
AI,T51-1_SAMPLING_AI,,,OMR_GW2.IDH.DM2604,DM2604,DM2604,T51_1_SAMPLING
AI,T51-1_SETPT_AI,,,OMR_GW2.IDH.DM100,DM100,DM100,T51_1_STPT
AI,T51-1_SETPT_AR,,(NGC),OMR_GW2.IDH.DM100,DM100,DM100,T51_1_STPT
AI,T51-2_DERIVATIVE,,(NGC),OMR_GW2.IDH.DM2653,DM2653,DM2653,T51_2_DERIVATIVE
AI,T51-2_DERIVATIVE_AI,,,OMR_GW2.IDH.DM2653,DM2653,DM2653,T51_2_DERIVATIVE
AI,T51-2_INTEGRAL,,(NGC),OMR_GW2.IDH.DM2652,DM2652,DM2652,T51_2_INTEGRAL
AI,T51-2_INTEGRAL_AI,,,OMR_GW2.IDH.DM2652,DM2652,DM2652,T51_2_INTEGRAL
AI,T51-2_PROPORTIONAL,,(NGC),OMR_GW2.IDH.DM2651,DM2651,DM2651,T51_2_PROPORTIONAL
AI,T51-2_PROPORTIONAL_AI,,,OMR_GW2.IDH.DM2651,DM2651,DM2651,T51_2_PROPORTIONAL
AI,T51-2_SAMPLING,,(NGC),OMR_GW2.IDH.DM2654,DM2654,DM2654,T51_2_SAMPLING
AI,T51-2_SAMPLING_AI,,,OMR_GW2.IDH.DM2654,DM2654,DM2654,T51_2_SAMPLING
AI,T51-2_STPT_AI,,,OMR_GW2.IDH.DM110,DM110,DM110,T51_2_STPT
AI,T51-2_STPT_AR,,(NGC),OMR_GW2.IDH.DM110,DM110,DM110,T51_2_STPT
AI,T51-3_STPT_AI,,,OMR_GW2.IDH.DM130,DM130,DM130,T51_3_STPT
AI,T51-3_STPT_AR,,(NGC),OMR_GW2.IDH.DM130,DM130,DM130,T51_3_STPT
AI,T51-3_S_DERIVATIVE,,(NGC),OMR_GW2.IDH.DM2753,DM2753,DM2753,T51_3_S_DERIVATIVE
AI,T51-3_S_DERIVATIVE_AI,,,OMR_GW2.IDH.DM2753,DM2753,DM2753,T51_3_S_DERIVATIVE
AI,T51-3_S_INTEGRAL,,(NGC),OMR_GW2.IDH.DM2752,DM2752,DM2752,T51_3_S_INTEGRAL
AI,T51-3_S_INTEGRAL_AI,,,OMR_GW2.IDH.DM2752,DM2752,DM2752,T51_3_S_INTEGRAL
AI,T51-3_S_PROPORTIONAL,,(NGC),OMR_GW2.IDH.DM2751,DM2751,DM2751,T51_3_S_PROPORTIONAL
AI,T51-3_S_PROPORTIONAL_AI,,,OMR_GW2.IDH.DM2751,DM2751,DM2751,T51_3_S_PROPORTIONAL
AI,T51-3_S_SAMPLING,,(NGC),OMR_GW2.IDH.DM2754,DM2754,DM2754,T51_3_S_SAMPLING
AI,T51-3_S_SAMPLING_AI,,,OMR_GW2.IDH.DM2754,DM2754,DM2754,T51_3_S_SAMPLING
AI,T51-3_W_DERIVATIVE,,(NGC),OMR_GW2.IDH.DM2853,DM2853,DM2853,T51_3_W_DERIVATIVE
AI,T51-3_W_DERIVATIVE_AI,,,OMR_GW2.IDH.DM2853,DM2853,DM2853,T51_3_W_DERIVATIVE
AI,T51-3_W_INTEGRAL,,(NGC),OMR_GW2.IDH.DM2852,DM2852,DM2852,T51_3_W_INTEGRAL
AI,T51-3_W_INTEGRAL_AI,,,OMR_GW2.IDH.DM2852,DM2852,DM2852,T51_3_W_INTEGRAL
AI,T51-3_W_PROPORTIONAL,,(NGC),OMR_GW2.IDH.DM2851,DM2851,DM2851,T51_3_W_PROPORTIONAL
AI,T51-3_W_PROPORTIONAL_AI,,,OMR_GW2.IDH.DM2851,DM2851,DM2851,T51_3_W_PROPORTIONAL
AI,T51-3_W_SAMPLING,,(NGC),OMR_GW2.IDH.DM2854,DM2854,DM2854,T51_3_W_SAMPLING
AI,T51-3_W_SAMPLING_AI,,,OMR_GW2.IDH.DM2854,DM2854,DM2854,T51_3_W_SAMPLING
AI,DRI_CONT_P118_SP_AR,,(NGC) p118 controller stpt ar,OMR_GW2.IDH.DM3501,DM3501,DM3501,STER_P117_SETPOINT
AI,DRI_CONT_P118_SP_AI,,P118 CONTROLLER PV,OMR_GW2.IDH.DM3526,DM3526,DM3526,DRI_CONT_P118_SP_AI
AI,DRI_CONT_P118_PV,,P118 CONTROLLER PV,OMR_GW2.IDH.DM3516,DM3516,DM3516,DRI_CONT_P118_PV
AI,DRI_CONT_P116_SP_AR,,(NGC) p116 controller stpt ar,OMR_GW2.IDH.DM3500,DM3500,DM3500,DRI_CONT_P116_SP_AO
AI,DRI_CONT_P116_SP_AI,,p116 controller  stpt ai,OMR_GW2.IDH.DM3521,DM3521,DM3521,DRI_CONT_P116_SP_AI
AI,DRI_CONT_P116_PV,,P116 CONTROLLER PV,OMR_GW2.IDH.DM3511,DM3511,DM3511,DRI_CONT_P116_PV
AI,DRIER_FLOW_STPT_EAST_CIP_AI,,,OMR_GW2.IDH.DM8@bcd,DM8@bcd,DM8,DRIER_FLOW_STPT_EAST_CIP_AI
AI,DRIER_FLOW_STPT_EAST_4TH_AI,,,OMR_GW2.IDH.DM6@bcd,DM6@bcd,DM6,DRIER_FLOW_STPT_EAST_4TH_AI
AI,DRIER_FLOW_STPT_EAST_3RD_AI,,,OMR_GW2.IDH.DM4@bcd,DM4@bcd,DM4,DRIER_FLOW_STPT_EAST_3RD_AI
AI,DRIER_FLOW_STPT_EAST_2ND_AI,,,OMR_GW2.IDH.DM2@bcd,DM2@bcd,DM2,DRIER_FLOW_STPT_EAST_2ND_AI
AI,DRIER_FLOW_STPT_EAST_1ST_AI,,,OMR_GW2.IDH.DM0@bcd,DM0@bcd,DM0,DRIER_FLOW_STPT_EAST_1ST_AI
AI,DRIER_FLOW_AI,,Gelatin Flow to Chemetator,OMR_GW2.IDH.DM920,DM920,DM920,CHEM_FLOW
AI,DRIER_EAST_FLOW_STPT_SLOW,DRIER_EAST_FLOW_STPT_SLOW_CA,,OMR_GW2.IDH.DM900,DM900,DM900,DRIER_EAST_FLOW_STPT
AI,DRIER_EAST_FLOW_STPT,DRIER_EAST_FLOW_STPT_TOTAL,,OMR_GW2.IDH.DM900,DM900,DM900,DRIER_EAST_FLOW_STPT
AI,T51-5_DERIVATIVE,,(NGC),OMR_GW2.IDH.DM2703,DM2703,DM2703,T51_5_DERIVATIVE
AI,T51-5_DERIVATIVE_AI,,,OMR_GW2.IDH.DM2703,DM2703,DM2703,T51_5_DERIVATIVE
AI,T51-5_INTEGRAL,,(NGC),OMR_GW2.IDH.DM2702,DM2702,DM2702,T51_5_INTEGRAL
AI,T51-5_INTEGRAL_AI,,,OMR_GW2.IDH.DM2702,DM2702,DM2702,T51_5_INTEGRAL
AI,T51-5_PROPORTIONAL,,(NGC),OMR_GW2.IDH.DM2701,DM2701,DM2701,T51_5_PROPORTIONAL
AI,T51-5_PROPORTIONAL_AI,,,OMR_GW2.IDH.DM2701,DM2701,DM2701,T51_5_PROPORTIONAL
AI,DRIER_COOK_AI,DRY_COOK_SEL_PASSTHRU,,OMR_GW2.IDH.HR10,HR10,HR10,DRIER_COOK_AI
AI,DRIER_BATCH_NUM_AR,,(NGC) drier batch number ar,OMR_GW2.IDH.DM913,DM913,DM913,DRIER_BATCH_NUM_AR
AI,DRIER_BATCH_NUM_AI,,drier batch number ar,OMR_GW2.IDH.DM913,DM913,DM913,DRIER_BATCH_NUM_AR
AI,DRIER_BATCH_NUM,,Drier Batch Number,OMR_GW2.IDH.DM913,DM913,DM913,DRIER_BATCH_NUM_AR
AI,IDH_40M_VALVE_TIME_OFF,,V2 Closed Time (minutes),OMR_GW2.IDH.DM24@BCD,DM24@BCD,DM24,IDH_40M_VALVE_TIME_OFF
AI,IDH_40M_VALVE_TIME_ON,,V2 Open Time (seconds),OMR_GW2.IDH.DM27@BCD,DM27@BCD,DM27,IDH_40M_VALVE_TIME_ON
AI,IDH_40_7M_VALVE_TIME_OFF,,V3 Closed Time (seconds),OMR_GW2.IDH.DM33@BCD,DM33@BCD,DM33,IDH_40_7M_VALVE_TIME_OFF
AI,IDH_40_7M_VALVE_TIME_ON,,V3 Open Time (seconds),OMR_GW2.IDH.DM30@BCD,DM30@BCD,DM30,IDH_40_7M_VALVE_TIME_ON
AI,T51-5_SAMPLING,,(NGC),OMR_GW2.IDH.DM2704,DM2704,DM2704,T51_5_SAMPLING
AI,T51-5_SAMPLING_AI,,,OMR_GW2.IDH.DM2704,DM2704,DM2704,T51_5_SAMPLING
AI,IDH_T51-3_DERIVATIVE,,T51-3 DERIVATIVE,OMR_GW2.IDH.DM223@BCD,DM223@BCD,DM223,IDH_T51_3_DERIVATIVE
AI,T51-5_STPT_AI,T51-5_STPT_TO_BURNER,,OMR_GW2.IDH.DM120,DM120,DM120,T51_5_STPT
AI,IDH_T51-3_INTEGRAL,,T51-3 INTEGRAL,OMR_GW2.IDH.DM222@BCD,DM222@BCD,DM222,IDH_T51_3_INTEGRAL
AI,IDH_T51-3_OUTPUT,,T51-3 OUTPUT,OMR_GW2.IDH.DM260,DM260,DM260,IDH_T51_3_OUTPUT
AI,IDH_T51-3_PROPORTIONAL,,T51-3 PROPORTIONAL,OMR_GW2.IDH.DM221@BCD,DM221@BCD,DM221,IDH_T51_3_PROPORTIONAL
AI,T51-5_STPT_AR,,(NGC),OMR_GW2.IDH.DM120,DM120,DM120,T51_5_STPT
AI,IDH_T51-3_SAMPLE,,T51-3 SAMPLE PERIOD,OMR_GW2.IDH.DM224,DM224,DM224,IDH_T51_3_SAMPLE
AI,T51-12_DERIVATIVE,,(NGC),OMR_GW2.IDH.DM2803,DM2803,DM2803,T51_12_DERIVATIVE
AI,T51-12_DERIVATIVE_AI,,,OMR_GW2.IDH.DM2803,DM2803,DM2803,T51_12_DERIVATIVE
AI,T51-12_INTEGRAL,,(NGC),OMR_GW2.IDH.DM2802,DM2802,DM2802,T51_12_INTEGRAL
AI,T51-12_INTEGRAL_AI,,,OMR_GW2.IDH.DM2802,DM2802,DM2802,T51_12_INTEGRAL
AI,T51-12_OUTPUT_RAW,T51-12_OUT_PID_CA,,OMR_GW2.IDH.IR105,IR105,IR105,OUTPUT_TO_AV51_2_STEAM
AI,T51-12_PROPORTIONAL,,(NGC),OMR_GW2.IDH.DM2801,DM2801,DM2801,T51_12_PROPORTIONAL
AI,T51-12_PROPORTIONAL_AI,,,OMR_GW2.IDH.DM2801,DM2801,DM2801,T51_12_PROPORTIONAL
AI,T51-12_SAMPLING,,(NGC),OMR_GW2.IDH.DM2804,DM2804,DM2804,T51_12_SAMPLING
AI,T51-12_SAMPLING_AI,,,OMR_GW2.IDH.DM2804,DM2804,DM2804,T51_12_SAMPLING
AI,T51-12_STPT_AI,,,OMR_GW2.IDH.DM140,DM140,DM140,T51_12_STPT_AO
AI,T51-12_STPT_AR,,(NGC),OMR_GW2.IDH.DM140,DM140,DM140,T51_12_STPT_AO
AI,CC3_OUTPUT,,CC3 Cooling Valve Output,OMR_GW2.IDH.DM5211@BCD,DM5211@BCD,DM5211,"CC3_OUTPUT
CC3_OUTPUT"
AI,CC3_TEMPERATURE,CC3_TEMPERATURE_CA,IDH Outlet Temperature,OMR_GW2.IDH.DM5209@BCD,DM5209@BCD,DM5209,"CC3_TEMPERATURE
CC3_TEMPERATURE"
AI,STER_P66_SETPOINT,,P66 Speed Setpoint,OMR_GW2.IDH.DM3499@BCD,DM3499@BCD,DM3499,STER_P66_SETPOINT
AI,CHEM_DRIER_FLOWRATE_STPT,,DRIER FLOWRATE SETPOINT,OMR_GW2.IDH.DM900@bcd,DM900@bcd,DM900,DRIER_EAST_FLOW_STPT
AI,CHEM_FLOW,CHEM_FLOW_AVG,CHEMETATOR FLOW,OMR_GW2.IDH.DM920,DM920,DM920,CHEM_FLOW
AI,CHEM_FLOW_PASSTHRU,CHEM_FLOW_PASSTHRU_OUT,CHEMETATOR FLOW,OMR_GW2.IDH.DM920@BCD,DM920@BCD,DM920,CHEM_FLOW
AI,IDH_SATAKE_COUNTER_PV,,SATAKE Counter Value,OMR_GW2.IDH.DM10@BCD,DM10@BCD,DM10,IDH_SATAKE_COUNTER_PV
AI,STER_P117_SETPOINT,,P117 Speed Setpoint,OMR_GW2.IDH.DM3501@BCD,DM3501@BCD,DM3501,STER_P117_SETPOINT
AO,CC3_SETPOINT_AO,,CC3 Setpoint Out,OMR_GW2.IDH.DM5215@BCD,DM5215@BCD,DM5215,"CC3_SETPOINT_AO
CC3_SETPOINT_AO"
AO,T51-12_STPT_AO,,,OMR_GW2.IDH.DM140,DM140,DM140,T51_12_STPT_AO
AO,T51-12_SAMPLING_AO,,,OMR_GW2.IDH.DM2804,DM2804,DM2804,T51_12_SAMPLING
AO,T51-12_PROPORTIONAL_AO,,,OMR_GW2.IDH.DM2801,DM2801,DM2801,T51_12_PROPORTIONAL
AO,T51-12_PID_OUTPUT_FORCE_TEST_R,,FORCE GLYOL TEMP CONT VALVE (PID MAN ON),OMR_GW2.IDH.IR105,IR105,IR105,OUTPUT_TO_AV51_2_STEAM
AO,T51-12_PID_OUTPUT_FORCE,,FORCE GLYOL TEMP CONT VALVE (PID MAN ON),OMR_GW2.IDH.IR105,IR105,IR105,OUTPUT_TO_AV51_2_STEAM
AO,T51-12_MAN_OUTPUT,,T51-12 MANUAL OUTPUT (AV51-2),OMR_GW2.IDH.DM141,DM141,DM141,T51_12_MAN_OUTPUT
AO,T51-12_INTEGRAL_AO,,,OMR_GW2.IDH.DM2802,DM2802,DM2802,T51_12_INTEGRAL
AO,T51-12_DERIVATIVE_AO,,,OMR_GW2.IDH.DM2803,DM2803,DM2803,T51_12_DERIVATIVE
AO,T51-5_STPT_AO,,,OMR_GW2.IDH.DM120,DM120,DM120,T51_5_STPT
AO,T51-5_SAMPLING_AO,,,OMR_GW2.IDH.DM2704,DM2704,DM2704,T51_5_SAMPLING
AO,DRIER_BATCH_NUM_AO,,drier batch number ao,OMR_GW2.IDH.DM913,DM913,DM913,DRIER_BATCH_NUM_AR
AO,DRIER_COOK,,,OMR_GW2.IDH.HR10,HR10,HR10,DRIER_COOK_AI
AO,T51-5_PROPORTIONAL_AO,,,OMR_GW2.IDH.DM2701,DM2701,DM2701,T51_5_PROPORTIONAL
AO,T51-5_PID_OUTPUT_FORCE,,FORCE REGEN FAN  (PID MAN ON),OMR_GW2.IDH.IR103,IR103,IR103,OUTPUT_TO_REGEN_FAN
AO,T51-5_INTEGRAL_AO,,,OMR_GW2.IDH.DM2702,DM2702,DM2702,T51_5_INTEGRAL
AO,T51-5_DERIVATIVE_AO,,,OMR_GW2.IDH.DM2703,DM2703,DM2703,T51_5_DERIVATIVE
AO,DRIER_FROM_STER_CIP_STEP,,,OMR_GW2.IDH.DM910,DM910,DM910,DRIER_FROM_STER_CIP_STEP
AO,T51-3_W_SAMPLING_AO,,,OMR_GW2.IDH.DM2854,DM2854,DM2854,T51_3_W_SAMPLING
AO,DRI_CONT_P116_SP_AO,,p116 controller stpt ao,OMR_GW2.IDH.DM3500,DM3500,DM3500,DRI_CONT_P116_SP_AO
AO,DRI_CONT_P118_SP_AO,,p118 controller stpt ao,OMR_GW2.IDH.DM3501,DM3501,DM3501,STER_P117_SETPOINT
AO,T51-3_W_PROPORTIONAL_AO,,,OMR_GW2.IDH.DM2851,DM2851,DM2851,T51_3_W_PROPORTIONAL
AO,T51-3_W_PID_OUTPUT_FORCE,,FORCE CC1 CONTROL VALVE WINT(PID MAN ON),OMR_GW2.IDH.IR106,IR106,IR106,T51_3_W_PID_OUTPUT_FORCE
AO,T51-3_W_INTEGRAL_AO,,,OMR_GW2.IDH.DM2852,DM2852,DM2852,T51_3_W_INTEGRAL
AO,T51-3_W_DERIVATIVE_AO,,,OMR_GW2.IDH.DM2853,DM2853,DM2853,T51_3_W_DERIVATIVE
AO,T51-3_S_SAMPLING_AO,,,OMR_GW2.IDH.DM2754,DM2754,DM2754,T51_3_S_SAMPLING
AO,T51-3_S_PROPORTIONAL_AO,,,OMR_GW2.IDH.DM2751,DM2751,DM2751,T51_3_S_PROPORTIONAL
AO,T51-3_S_PID_OUTPUT_FORCE,,FORCE CC3 CONTROL VALVE SUMM(PID MAN ON),OMR_GW2.IDH.IR104,IR104,IR104,IDH_ADDR_104
AO,T51-3_S_INTEGRAL_AO,,,OMR_GW2.IDH.DM2752,DM2752,DM2752,T51_3_S_INTEGRAL
AO,T51-3_S_DERIVATIVE_AO,,,OMR_GW2.IDH.DM2753,DM2753,DM2753,T51_3_S_DERIVATIVE
AO,T51-3_STPT_AO,,,OMR_GW2.IDH.DM130,DM130,DM130,T51_3_STPT
AO,T51-2_STPT_AO,,,OMR_GW2.IDH.DM110,DM110,DM110,T51_2_STPT
AO,T51-2_SAMPLING_AO,,,OMR_GW2.IDH.DM2654,DM2654,DM2654,T51_2_SAMPLING
AO,T51-2_PROPORTIONAL_AO,,,OMR_GW2.IDH.DM2651,DM2651,DM2651,T51_2_PROPORTIONAL
AO,T51-2_PID_OUTPUT_FORCE,,FORCE CC2 CONTROL VALVE (PID MAN ON),OMR_GW2.IDH.IR102,IR102,IR102,IDH_ADDR_102
AO,T51-2_INTEGRAL_AO,,,OMR_GW2.IDH.DM2652,DM2652,DM2652,T51_2_INTEGRAL
AO,T51-2_DERIVATIVE_AO,,,OMR_GW2.IDH.DM2653,DM2653,DM2653,T51_2_DERIVATIVE
AO,T51-1_SETPT_AO,,,OMR_GW2.IDH.DM100,DM100,DM100,T51_1_STPT
AO,T51-1_SAMPLING_AO,,,OMR_GW2.IDH.DM2604,DM2604,DM2604,T51_1_SAMPLING
AO,T51-1_PID_OUTPUT_FORCE,,FORCE CC1 CONTROL VALVE (PID MAN ON),OMR_GW2.IDH.IR101,IR101,IR101,AV51_0010
AO,T51-1_INTEGRAL_AO,,,OMR_GW2.IDH.DM2602,DM2602,DM2602,T51_1_INTEGRAL
AO,T51-1_DERIVATIVE_AO,,,OMR_GW2.IDH.DM2603,DM2603,DM2603,T51_1_DERIVATIVE
AO,T-51-1_PROPORTIONAL_AO,,,OMR_GW2.IDH.DM2601,DM2601,DM2601,T_51_1_PROPORTIONAL
DI,DRI_EAST_OSC_ARM_ON,DRI_EAST_OSC_ARM_ON_TIMESTAMP,,OMR_GW2.IDH.HR1.0,HR1.0,HR1.0,DRI_EAST_OSC_ARM_ON
DI,DRI_EAST_OSC_ARM_OFF,DRI_EAST_OSC_ARM_OFF_TIMESTAMP,,OMR_GW2.IDH.HR1.0,HR1.0,HR1.0,DRI_EAST_OSC_ARM_ON
DI,DRIER_FLOW_PULSE_IN,DRIER_FLOW_PULSE_OUT,Pulse from Flowmeter to SCADA,OMR_GW2.IDH.IR500.05,IR500.05,IR500.05,DRIER_FLOW_PULSE_IN
DI,DRIER_FLAG_EAST_CIP,,,OMR_GW2.IDH.IR0.8,IR0.8,IR0.8,DRIER_FLAG_EAST_CIP
DI,DRIER_FLAG_EAST_4TH,,,OMR_GW2.IDH.IR0.6,IR0.6,IR0.6,DRIER_FLAG_EAST_4TH
DI,DRIER_FLAG_EAST_3RD,,,OMR_GW2.IDH.IR0.4,IR0.4,IR0.4,DRIER_FLAG_EAST_3RD
DI,DRIER_FLAG_EAST_2ND,,,OMR_GW2.IDH.IR0.2,IR0.2,IR0.2,DRIER_FLAG_EAST_2ND
DI,DRIER_FLAG_EAST_1ST,,,OMR_GW2.IDH.IR0.0,IR0.0,IR0.0,DRIER_FLAG_EAST_1ST
DI,STERILIZER_OZONE_ALM2,,Sterilizer Ozone Trouble Alarm,OMR_GW2.IDH.IR501.15,IR501.15,IR501.15,STERILIZER_OZONE_ALM2
DI,STERILIZER_OZONE_ALM,,Sterilizer Ozone Leak Alarm,OMR_GW2.IDH.IR501.11,IR501.11,IR501.11,STERILIZER_OZONE_ALM
DI,CHILLER1_COMP1,,,OMR_GW2.IDH.IR42.1,IR42.1,IR42.1,CHILLER1_COMP1
DI,CHEMETATOR_CIP_LOW_FLOW_ALARM,,CHEMETATOR CIP LOW FLOW ALARM,OMR_GW2.IDH.IR120.13,IR120.13,IR120.13,CHEMETATOR_CIP_LOW_FLOW_ALARM
DI,T51_12_SUMMER_WINTER,,T51-12 Summer Winter Selection,OMR_GW2.IDH.HR1.8,HR1.8,HR1.8,T51_12_SUMMER_WINTER
DI,T51-12_PID_LOOP_STATUS_DI,,,OMR_GW2.IDH.HR1.6,HR1.6,HR1.6,T51_12_PID_LOOP_STATUS_DI
DI,T51-12_PID_LOOP_STATUS,,(NGC),OMR_GW2.IDH.HR1.6,HR1.6,HR1.6,T51_12_PID_LOOP_STATUS_DI
DI,IDH_T51-3_PID_AUTO_MAN,,T51-3 AUTO/MAN,OMR_GW2.IDH.HR1.09,HR1.09,HR1.09,IDH_T51_3_PID_AUTO_MAN
DI,IDH_40M_MODIFIED,,Modified 40M Selection,OMR_GW2.IDH.IR501.05,IR501.05,IR501.05,SWECO_40MESH_S_SELECTION
DI,T51-5_PID_LOOP_STATUS_DI,,,OMR_GW2.IDH.HR1.4,HR1.4,HR1.4,T51_5_PID_LOOP_STATUS_DI
DI,T51-3_W_PID_LOOP_STATUS_DI,,,OMR_GW2.IDH.HR1.7,HR1.7,HR1.7,T51_3_W_PID_LOOP_STATUS_DI
DI,T51-3_W_PID_LOOP_STATUS,,(NGC),OMR_GW2.IDH.HR1.7,HR1.7,HR1.7,T51_3_W_PID_LOOP_STATUS_DI
DI,T51-3_S_PID_LOOP_STATUS_DI,,,OMR_GW2.IDH.HR1.5,HR1.5,HR1.5,T51_3_S_PID_LOOP_STATUS_DI
DI,T51-3_S_PID_LOOP_STATUS,,(NGC),OMR_GW2.IDH.HR1.5,HR1.5,HR1.5,T51_3_S_PID_LOOP_STATUS_DI
DI,T51-2_PID_LOOP_STATUS_DI,,,OMR_GW2.IDH.HR1.3,HR1.3,HR1.3,T51_2_PID_LOOP_STATUS_DI
DI,T51-2_PID_LOOP_STATUS,,(NGC),OMR_GW2.IDH.HR1.3,HR1.3,HR1.3,T51_2_PID_LOOP_STATUS_DI
DI,T51-1_PID_LOOP_STATUS_DI,,,OMR_GW2.IDH.HR1.2,HR1.2,HR1.2,T51_1_PID_LOOP_STATUS_DI
DI,T51-1_PID_LOOP_STATUS,,(NGC),OMR_GW2.IDH.HR1.2,HR1.2,HR1.2,T51_1_PID_LOOP_STATUS_DI
DI,SWECO_7MESH_INDICATION,SWECO_7MESH_SEL_TDS,,OMR_GW2.IDH.IR501.00,IR501.00,IR501.00,SWECO_7MESH_INDICATION
DI,SWECO_7MESH_SELECTION,,,OMR_GW2.IDH.IR500.06,IR500.06,IR500.06,SWECO_7MESH_SELECTION
DI,SWECO_8MESH_INDICATION,SWECO_8MESH_SEL_TDS,,OMR_GW2.IDH.IR501.01,IR501.01,IR501.01,SWECO_8MESH_INDICATION
DI,SWECO_8MESH_SELECTION,,,OMR_GW2.IDH.IR500.07,IR500.07,IR500.07,SWECO_8MESH_SELECTION
DI,SWECO_8MESH_S_INDICATION,SWECO_8MESH_S_SEL_TDS,,OMR_GW2.IDH.IR501.10,IR501.10,IR501.10,SWECO_8MESH_S_INDICATION
DI,SWECO_8MESH_S_SELECTION,,,OMR_GW2.IDH.IR501.08,IR501.08,IR501.08,SWECO_8MESH_S_SELECTION
DI,SWECO_20MESH_INDICATION,SWECO_20MESH_SEL_TDS,,OMR_GW2.IDH.IR501.02,IR501.02,IR501.02,SWECO_20MESH_INDICATION
DI,SWECO_20MESH_SELECTION,,,OMR_GW2.IDH.IR500.08,IR500.08,IR500.08,SWECO_20MESH_SELECTION
DI,SWECO_40MESH_INDICATION,SWECO_40MESH_SEL_TDS,SWECO 40/20M Indication,OMR_GW2.IDH.IR501.03,IR501.03,IR501.03,SWECO_40MESH_INDICATION
DI,SWECO_40MESH_SELECTION,,,OMR_GW2.IDH.IR500.09,IR500.09,IR500.09,SWECO_40MESH_SELECTION
DI,SWECO_40MESH_S_INDICATION,SWECO_40MESH_S_SEL_TDS,SWECO 40/7M Indication,OMR_GW2.IDH.IR501.07,IR501.07,IR501.07,SWECO_40MESH_S_INDICATION
DI,SWECO_40MESH_S_SELECTION,,,OMR_GW2.IDH.IR501.05,IR501.05,IR501.05,SWECO_40MESH_S_SELECTION
DI,SWECO_REGRINDING_INDICATION,SWECO_REGRIND_SEL_TDS,,OMR_GW2.IDH.IR502.05,IR502.05,IR502.05,SWECO_REGRINDING_INDICATION
DI,SWECO_REGRINDING_SELECTION,,,OMR_GW2.IDH.IR502.03,IR502.03,IR502.03,SWECO_REGRINDING_SELECTION
DI,SWECO_VALVE_1,,N/C TO FINE GRINDER,OMR_GW2.IDH.IR39.08,IR39.08,IR39.08,SWECO_VALVE_1
DI,SWECO_VALVE_2,,N/O TO 7 MESH,OMR_GW2.IDH.IR39.09,IR39.09,IR39.09,SWECO_VALVE_2
DI,SWECO_VALVE_3,,N/O TO 7 MESH,OMR_GW2.IDH.IR39.10,IR39.10,IR39.10,SWECO_VALVE_3
DI,SWECO_VALVE_4,,N/C TO FINE GRINDER,OMR_GW2.IDH.IR39.11,IR39.11,IR39.11,SWECO_VALVE_4
DI,SWECO_WALTER_MESH_INDICATION,SWECO_WALTER_SEL_TDS,,OMR_GW2.IDH.IR501.14,IR501.14,IR501.14,SWECO_WALTER_MESH_INDICATION
DI,SWECO_WALTER_MESH_SELECTION,,,OMR_GW2.IDH.IR501.12,IR501.12,IR501.12,SWECO_WALTER_MESH_SELECTION
DI,IDH_SATAKE_CNTR_STOP,,SATAKE Counter Status,OMR_GW2.IDH.IR503.11,IR503.11,IR503.11,IDH_SATAKE_CNTR_STOP
DI,IDH_SATAKE_SILENCE_PB,,SATAKE Alarm Silence P.B.,OMR_GW2.IDH.IR503.04,IR503.04,IR503.04,IDH_SATAKE_SILENCE_PB
DI,IDH_SATAKE_STOP_BELT,DRY_STOP_COMIL_FROM_SATAKE,SATAKE Command to Stop Comil,OMR_GW2.IDH.IR503.07,IR503.07,IR503.07,IDH_SATAKE_STOP_BELT
DI,IDH_SATAKE_CNTR_STOP_PB,,SATAKE Counter Stop and Reset P.B.,OMR_GW2.IDH.IR503.08,IR503.08,IR503.08,IDH_SATAKE_CNTR_STOP_PB
DI,IDH_SATAKE_SILENCE,,SATAKE Alarm Silence Status,OMR_GW2.IDH.IR503.10,IR503.10,IR503.10,IDH_SATAKE_SILENCE
DI,IDH_SATAKE_CNTR_RESET_PB,,SATAKE Counter Reset PB,OMR_GW2.IDH.IR503.06,IR503.06,IR503.06,IDH_SATAKE_CNTR_RESET_PB
DI,IDH_SATAKE_BYPASS_MODE,,SATAKE Bypass Mode - Prevent Comil Stopping on LSHH1,OMR_GW2.IDH.IR503.12,IR503.12,IR503.12,IDH_SATAKE_BYPASS_MODE
DI,INTAKE_BOTTOM_CLOSED,,Intake bottom valve closed feedback,OMR_GW2.IDH.IR44.08,IR44.08,IR44.08,INTAKE_BOTTOM_CLOSED
DI,INTAKE_MIDDLE_CLOSED,,Intake middle valve closed feedback,OMR_GW2.IDH.IR44.09,IR44.09,IR44.09,INTAKE_MIDDLE_CLOSED
DI,ZONE2_EXHAUST_FEEDBACK,,Zone2 valve exhaust feedback,OMR_GW2.IDH.IR44.10,IR44.10,IR44.10,ZONE2_EXHAUST_FEEDBACK
DI,ZONE2_REC_FEEDBACK,,Zone2 recirculation feedback,OMR_GW2.IDH.IR44.11,IR44.11,IR44.11,ZONE2_REC_FEEDBACK
DI,ZONE4_EXHAUST_FEEDBACK,,Zone4 exhaust feedback,OMR_GW2.IDH.IR44.12,IR44.12,IR44.12,ZONE4_EXHAUST_FEEDBACK
DI,ZONE4_REC_FEEDBACK,,Zone4 recirculation feedback,OMR_GW2.IDH.IR44.13,IR44.13,IR44.13,ZONE4_REC_FEEDBACK
DO,T51-1_PID_LOOP_STATUS_DO,,,OMR_GW2.IDH.HR1.2,HR1.2,HR1.2,T51_1_PID_LOOP_STATUS_DI
DO,T51-2_PID_LOOP_STATUS_DO,,,OMR_GW2.IDH.HR1.3,HR1.3,HR1.3,T51_2_PID_LOOP_STATUS_DI
DO,T51-3_S_PID_LOOP_STATUS_DO,,,OMR_GW2.IDH.HR1.5,HR1.5,HR1.5,T51_3_S_PID_LOOP_STATUS_DI
DO,T51-3_W_PID_LOOP_STATUS_DO,,,OMR_GW2.IDH.HR1.7,HR1.7,HR1.7,T51_3_W_PID_LOOP_STATUS_DI
DO,T51-5_PID_LOOP_STATUS,,,OMR_GW2.IDH.HR1.4,HR1.4,HR1.4,T51_5_PID_LOOP_STATUS_DI
DO,IDH_AV51-11_CLOSE,,,OMR_GW2.IDH.IR38.0,IR38.0,IR38.0,IDH_AV51_11_CLOSE
DO,IDH_AV51-11_OPEN,,,OMR_GW2.IDH.IR38.1,IR38.1,IR38.1,IDH_AV51_11_OPEN
DO,IDH_AV51-12_CLOSE,,,OMR_GW2.IDH.IR38.2,IR38.2,IR38.2,IDH_AV51_12_CLOSE
DO,IDH_AV51-12_OPEN,,,OMR_GW2.IDH.IR38.3,IR38.3,IR38.3,IDH_AV51_12_OPEN
DO,IDH_AV51-13_CLOSE,,,OMR_GW2.IDH.IR38.4,IR38.4,IR38.4,IDH_AV51_13_CLOSE
DO,IDH_AV51-13_OPEN,,,OMR_GW2.IDH.IR38.5,IR38.5,IR38.5,IDH_AV51_13_OPEN
DO,T51-12_PID_LOOP_STATUS_DO,,,OMR_GW2.IDH.HR1.6,HR1.6,HR1.6,T51_12_PID_LOOP_STATUS_DI
DO,CHEM_OSCILLATING_DRIER,,Chemetator Park Position to Drier,OMR_GW2.IDH.IR500.14,IR500.14,IR500.14,CHEM_OSCILLATING_DRIER
DO,CHEM_PARK_POS_DRIER,,Chemetator Park Position to Drier,OMR_GW2.IDH.IR500.04,IR500.04,IR500.04,CHEM_PARK_POS_DRIER
DO,IDH_12EF2_ZH_DO,,IDH Economizer Zone2 valve Opened,OMR_GW2.IDH.IR42.08,IR42.08,IR42.08,IDH_12EF2_ZH_DO
DO,IDH_12EF2_ZC_DO,,IDH Economizer Zone2 valve Output,OMR_GW2.IDH.IR39.02,IR39.02,IR39.02,IDH_12EF2_ZC_DO
DO,DRIER_FLOW_SPIKE_ALARM_ACK_DO,,,OMR_GW2.IDH.HR2.3,HR2.3,HR2.3,DRIER_FLOW_SPIKE_ALARM_ACK_DO
DO,DRI_LOCAL_ALARM_DO,,SIGNAL TO DRIER PLC TO TURN ON LOCAL ALM,OMR_GW2.IDH.HR3.0,HR3.0,HR3.0,DRI_LOCAL_ALARM_DO
DO,DRI_LOCAL_ALM_LOCKOUT_DO,,LOCKS OUT ALARM IN PLC,OMR_GW2.IDH.HR3.1,HR3.1,HR3.1,DRI_LOCAL_ALM_LOCKOUT_DO
AA,T51-3_W_PID_OUTPUT,T51-3_W_OUT_PID_CA,,OMR_GW2.IDH.IR106,IR106,IR106,T51_3_W_PID_OUTPUT_FORCE
AA,T51-3_S_PID_OUTPUT,T51-3_S_OUT_PID_CA,,OMR_GW2.IDH.IR104,IR104,IR104,IDH_ADDR_104
AA,T51-3_STPT,,,OMR_GW2.IDH.DM130,DM130,DM130,T51_3_STPT
AA,T51-3_SCADA_SCALED,T51-3_SCADA_SCALED_CA,DRIER TEMP IN FROM IDH,OMR_GW2.IDH.DM274,DM274,DM274,T51_3_RAW
AA,T51-4_SCADA_SCALED,T51-4,Outside Air Temp,OMR_GW2.IDH.IR193,IR193,IR193,T51_4
AA,T51-3_RAW,T51-3,DRIER TEMP IN FROM IDH,OMR_GW2.IDH.DM274,DM274,DM274,T51_3_RAW
AA,T51-2_STPT,,,OMR_GW2.IDH.DM110,DM110,DM110,T51_2_STPT
AA,T51-5_PID_OUTPUT,T51-5_OUT_PID_CA,,OMR_GW2.IDH.IR103,IR103,IR103,OUTPUT_TO_REGEN_FAN
AA,T51-5_PV_TO_BURNER_AA,T51-5_PV_TO_BURNER_CA,IDH regen temp HI or LO,OMR_GW2.IDH.DM314@BCD,DM314@BCD,DM314,T51_5_PV_TO_BURNER_AA
AA,T51-5_RAW,T51-5,IDH regen temp HI or LO,OMR_GW2.IDH.IR188,IR188,IR188,T51_5
AA,IDH_MAIN_FAN_AMPS,,IDH main fan amps,OMR_GW2.IDH.DM1767@BCD,DM1767@BCD,DM1767,IDH_MAIN_FAN_AMPS
AA,IDH_REGEN_FAN_AMPS,,IDH REGEN FAN AMPS,OMR_GW2.IDH.DM1747@BCD,DM1747@BCD,DM1747,IDH_REGEN_FAN_AMPS
AA,T51-5_STPT,,,OMR_GW2.IDH.DM120,DM120,DM120,T51_5_STPT
AA,T51-6_SCADA_SCALED,T51-6,After Wheel Temp,OMR_GW2.IDH.DM289@BCD,DM289@BCD,DM289,T51_6_SCADA_SCALED
AA,IDH_T51-3_SETPOINT,,T51-3 SETPOINT,OMR_GW2.IDH.DM255@BCD,DM255@BCD,DM255,IDH_T51_3_SETPOINT
AA,L52-51,L52-51_TREND,Chiller Tank lvl high or low,OMR_GW2.IDH.DM1790,DM1790,DM1790,L52_51
AA,T51-10_ALARM,,Chiller Outlet Temp Alarm  Check Chiller,OMR_GW2.IDH.IR195,IR195,IR195,T51_10
AA,T51-10_SCADA_SCALED,T51-10_SCADA_SCALED_CA,Outlet Temperature from Carrier Chiller,OMR_GW2.IDH.IR195,IR195,IR195,T51_10
AA,T51-11_RAW,T51-11,chiller #1 inlet temp (hot),OMR_GW2.IDH.IR196,IR196,IR196,T51_11_RAW
AA,NEW_DRIER_FLOW,CHEM_FLOW_TOT,DRIER FLOWRATE l/m,OMR_GW2.IDH.DM920@BCD,DM920@BCD,DM920,CHEM_FLOW
AA,NEW_DRIER_FLOW_PASSTHRU,NEW_DRIER_FLOW_CHEM,DRIER FLOWRATE l/m,OMR_GW2.IDH.DM920@BCD,DM920@BCD,DM920,CHEM_FLOW
AA,T51-11_SCADA_SCALED,T51-11_SCADA_SCALED_CA,Inlet to Carrier Chiller,OMR_GW2.IDH.IR196,IR196,IR196,T51_11_RAW
AA,DRIER_FLOW_CIP_EAST,,CIP EAST DRIER FLOWRATE,OMR_GW2.IDH.DM1727,DM1727,DM1727,EAST_DRIER_FLOW
AA,DRIER_FLOW_4TH_EAST,,4TH COOK EAST DRIER FLOWRATE,OMR_GW2.IDH.DM1727,DM1727,DM1727,EAST_DRIER_FLOW
AA,T51-12_PID_OUTPUT,,,OMR_GW2.IDH.IR105,IR105,IR105,OUTPUT_TO_AV51_2_STEAM
AA,DRIER_FLOW_3RD_EAST,,3RD COOK EAST DRIER FLOWRATE,OMR_GW2.IDH.DM1727,DM1727,DM1727,EAST_DRIER_FLOW
AA,DRIER_FLOW_2ND_EAST,,2ND COOK EAST DRIER FLOWRATE,OMR_GW2.IDH.DM1727,DM1727,DM1727,EAST_DRIER_FLOW
AA,T51-12_RAW,T51-12,glycol temp after recirc pump,OMR_GW2.IDH.IR197,IR197,IR197,T51_12_RAW
AA,DRIER_FLOW_1ST_EAST,,1ST COOK EAST DRIER FLOWRATE,OMR_GW2.IDH.DM1727,DM1727,DM1727,EAST_DRIER_FLOW
AA,T51-12_RAW_SCADA_SCALING,,glycol temp after recirc pump,OMR_GW2.IDH.IR197,IR197,IR197,T51_12_RAW
AA,DRIER_EAST_FLOW_REP1,DRIER_EAST_FLOW_REP_TOTAL,USED FOR SLOWDOWN REPORT,OMR_GW2.IDH.DM1727,DM1727,DM1727,EAST_DRIER_FLOW
AA,DRIER_EAST_FLOW_REP,DRIER_EAST_FLOW_REP_EVENT,USED FOR SLOWDOWN REPORT,OMR_GW2.IDH.DM1727,DM1727,DM1727,EAST_DRIER_FLOW
AA,DRIER_DRY_FLOW_FINE_GRIND_AA,,FINE GRINDER FLOW VERY HIGH,OMR_GW2.IDH.DM939,DM939,DM939,DRIER_DRY_FLOW_FINE_GRIND
AA,DRIER_DRY_FLOW_FINE_GRIND,DRIER_DRY_FLOW_FINE_TOTAL,FINE GRINDER FLOW < 3.0,OMR_GW2.IDH.DM939,DM939,DM939,DRIER_DRY_FLOW_FINE_GRIND
AA,DRIER_DRY_FLOW_EAST,DRIER_DRY_FLOW_EAST_TOTAL,COMIL FLOW,OMR_GW2.IDH.DM934,DM934,DM934,DRIER_DRY_FLOW_EAST
AA,DRIER_DRY_FLOW_COMIL,,COMIL DRY FLOW,OMR_GW2.IDH.DM934,DM934,DM934,DRIER_DRY_FLOW_EAST
AA,T52-48_RAW,T52-48,Small cooling tower outlet temp,OMR_GW2.IDH.IR182,IR182,IR182,T52_48
AA,T52-49_RAW,T52-49,small cooling tower return from cc3,OMR_GW2.IDH.IR183,IR183,IR183,T52_49_RAW
AA,T52-50_RAW,T52-50,cc3 inlet temp,OMR_GW2.IDH.IR184,IR184,IR184,T52_50_RAW
AA,T51-2_SCADA_SCALED,T51-2,Air Temp Before Dessicant Wheel,OMR_GW2.IDH.DM279@BCD,DM279@BCD,DM279,T51_2_SCADA_SCALED
AA,RH51-1_RAW,RH51-1,relative humidity outside air,OMR_GW2.IDH.IR186,IR186,IR186,RH51_1
AA,CFM_51-1,CFM_51-1_TREND,IDH AIR FLOW,OMR_GW2.IDH.DM1717,DM1717,DM1717,CFM_51_1
AA,T51-2_PID_OUTPUT,T51-2_OUT_PID_CA,,OMR_GW2.IDH.IR102,IR102,IR102,IDH_ADDR_102
AA,T51-1_STPT,,,OMR_GW2.IDH.DM100,DM100,DM100,T51_1_STPT
AA,T51-1_SCADA_SCALED,T51-1,Air Temp After CC1,OMR_GW2.IDH.DM284@BCD,DM284@BCD,DM284,T51_1_SCADA_SCALED
AA,CHEM_TEST_FLOW_AVG_1,,CHEMETATOR FLOW AVG (minute),OMR_GW2.IDH.DM210,DM210,DM210,CHEM_TEST_FLOW_AVG_1
AA,CHEM_TEST_FLOW_AVG_2,,CHEMETATOR FLOW AVG (hour),OMR_GW2.IDH.DM213,DM213,DM213,CHEM_TEST_FLOW_AVG_2
AA,T51-1_PID_OUTPUT,T51-1_OUT_PID_CA,,OMR_GW2.IDH.IR101,IR101,IR101,AV51_0010
AA,T-51-10_RAW,T51-10,chiller #1 outlet temp (cold),OMR_GW2.IDH.IR195,IR195,IR195,T51_10
AA,EAST_DRIER_FLOW,EAST_DRIER_FLOW_TOTAL,EAST DRIER FLOWRATE,OMR_GW2.IDH.DM1727,DM1727,DM1727,EAST_DRIER_FLOW
AA,EAST_DRIER_FLOWRATE_STPT,EAST_DRIER_FLOWRATE_STPT_TREND,EAST DRIER FLOWRATE SETPOINT,OMR_GW2.IDH.DM900,DM900,DM900,DRIER_EAST_FLOW_STPT
AA,DEW_51-1_RAW,DEW_51-1,,OMR_GW2.IDH.DM1757,DM1757,DM1757,DEW_51_1_RAW
AA,NEW_DRIER_FLOW_TO_DRY,NEW_DRIER_FLOW_DRY,DRIER FLOWRATE l/m,OMR_GW2.IDH.DM920@BCD,DM920@BCD,DM920,CHEM_FLOW
DA,CHILLER_NOT_RUNNING,,Carrier Chiller Not Running,OMR_GW2.IDH.IR502.0,IR502.0,IR502.0,CHILLER_NOT_RUNNING
DA,CHILLER#1_COMP#6,,chiller #1 comp #6,OMR_GW2.IDH.IR42.6,IR42.6,IR42.6,CHILLER1_COMP6
DA,CHILLER#1_COMP#5,,chiller #1 comp #5,OMR_GW2.IDH.IR42.5,IR42.5,IR42.5,CHILLER1_COMP5
DA,CHILLER#1_COMP#4,,chiller #1 comp #4,OMR_GW2.IDH.IR42.4,IR42.4,IR42.4,CHILLER1_COMP4
DA,CHILLER#1_COMP#3,,chiller #1 comp #3,OMR_GW2.IDH.IR42.3,IR42.3,IR42.3,CHILLER1_COMP3
DA,CHILLER#1_COMP#2,,chiller #1 comp #2,OMR_GW2.IDH.IR42.2,IR42.2,IR42.2,CHILLER1_COMP2
DA,CHILLER#1_COMP#1,,chiller #1 comp #1,OMR_GW2.IDH.IR42.1,IR42.1,IR42.1,CHILLER1_COMP1
DA,DRIER_EAST_DOOR,,East Drier Pin Breaker Stop,OMR_GW2.IDH.IR11.1,IR11.1,IR11.1,DRIER_EAST_DOOR
DA,DRIER_EAST_OSC_ARM_INVERT,,,OMR_GW2.IDH.HR1.0,HR1.0,HR1.0,DRI_EAST_OSC_ARM_ON
DA,DRIER_FLOW_SPIKE_ALARM,,DRIER FLOW SPIKE ALARM,OMR_GW2.IDH.HR2.2,HR2.2,HR2.2,DRIER_FLOW_SPIKE_ALARM
DA,FINE_GRIND_ALARM,,FINE GRINDER IS STOPPED ALARM,OMR_GW2.IDH.IR11.0,IR11.0,IR11.0,FINE_GRIND_ALARM
DA,DRI_LOCAL_ALM_LOCKOUT_DI,,LOCKS OUT ALARM IN PLC,OMR_GW2.IDH.HR3.1,HR3.1,HR3.1,DRI_LOCAL_ALM_LOCKOUT_DO
DA,PU52-2B_PROVE,,small cooling tower recirc pump B,OMR_GW2.IDH.IR44.0,IR44.0,IR44.0,PU52_2B_PROVE
DA,PU52-2A_PROVE,,small cooling tower recirc pump A,OMR_GW2.IDH.IR43.14,IR43.14,IR43.14,PU52_2A_PROVE
DA,PU51-2B_PROVE,,chiller #2 recirc pump B,OMR_GW2.IDH.IR43.12,IR43.12,IR43.12,PU51_2B_PROVE
DA,PU-51-2A_PROVE,,chiller #2 recirc pump A,OMR_GW2.IDH.IR43.10,IR43.10,IR43.10,PU_51_2A_PROVE
DA,PU-51-1B_PROVE,,chiller #1 recirc pump B,OMR_GW2.IDH.IR43.2,IR43.2,IR43.2,PU_51_1B_PROVE
DA,PU-51-1A_PROVE,,chiller #1 recirc pump A,OMR_GW2.IDH.IR43.0,IR43.0,IR43.0,PU_51_1A_PROVE
DA,EAST_FLOW<8L/M,,N-Dryer 4th flow < Target,OMR_GW2.IDH.IR120.5,IR120.5,IR120.5,EAST_FLOW8LM
DA,EAST_FLOW<10_L/M,,N-Dryer 3rd flow < Target,OMR_GW2.IDH.IR120.3,IR120.3,IR120.3,EAST_FLOW10_LM
DA,EAST_FLOW<11_L/M,,N-Dryer 1st or 2nd flow < Target,OMR_GW2.IDH.IR120.1,IR120.1,IR120.1,EAST_FLOW11_LM
DA,SYS_WATCH_DRIER_CLOSE,,MONITOR 1 MIN TIMER 254.0,OMR_GW2.IDH.IR254.0,IR254.0,IR254.0,SYS_WATCH_DRIER_CLOSE
DA,SYS_WATCH_DRIER_OPEN,,MONITOR 1 MIN TIMER 254.0,OMR_GW2.IDH.IR254.0,IR254.0,IR254.0,SYS_WATCH_DRIER_CLOSE
DA,IDH_SATAKE_LSHH1,,Satake Level Switch 1 High High,OMR_GW2.IDH.IR503.00,IR503.00,IR503.00,IDH_SATAKE_LSHH1
DA,IDH_SATAKE_LSH1,,Satake Level Switch 1 High,OMR_GW2.IDH.IR503.01,IR503.01,IR503.01,IDH_SATAKE_LSH1
DA,IDH_SATAKE_LSH2,,Satake Level Switch 2 High,OMR_GW2.IDH.IR503.02,IR503.02,IR503.02,IDH_SATAKE_LSH2
DA,IDH_SATAKE_FAULT,,Satake Fault,OMR_GW2.IDH.IR503.03,IR503.03,IR503.03,IDH_SATAKE_FAULT
DA,IDH_SATAKE_BYPASS_REMINDER,,SATAKE Bypass Enabled with No Alarms Present,OMR_GW2.IDH. IR503.13, IR503.13, IR503.13,IDH_SATAKE_BYPASS_REMINDER
